date,title,url,publisher,sentiment,score
"Sun, 07 Aug 2022 07:00:00 GMT",哀川翔「お母さんがちっちゃい子に俺を紹介するときに『ほら、カブトムシの・・・』って言うもん！笑」 - tbsradio.jp,https://news.google.com/rss/articles/CBMiUEFVX3lxTFB2X3ZUMVRKWE13WU9mTm9DT3lWd19lMWNXdWg0WDA2VWZ6dGhvQTJqX0pwcTNmY0k2WHZlZmhUTXpQMnJkUUVRQ2Nwc0xQZGpp?oc=5&hl=en-US&gl=US&ceid=US:en,tbsradio.jp,positive,1.0
"Sun, 07 Aug 2022 07:00:00 GMT",哀川翔「あった、キレイなまま」、自宅の屋根裏から出てきた“お宝グッズ”「1枚何十万するのもある」 - スポニチ Sponichi Annex,https://news.google.com/rss/articles/CBMilgFBVV95cUxOcFc3LUlndE1aTFFtMGlxZlNwdWpsSjR4OFB0cG45SFZxODBIbVJEcVNSMnV6WG1rVUtUSENCWFJPM2xkUWRhWmFyZHdCYXFFWUpKdEtwNzZQYmQtUGFPclZEbmpzaVZOV3JlLXNkbXhWU21QWTRmd3RVcUttN3pCc0pUM0o0S3lfeVBjd0hHSEEtWU5NMFE?oc=5&hl=en-US&gl=US&ceid=US:en,スポニチ Sponichi Annex,positive,1.0
"Wed, 24 Aug 2022 07:00:00 GMT",哀川 翔率いる「FLEX SHOW AIKAWA Racing with TOYO TIRES」が参戦！　ラリー北海道2022 XCRスプリントカップに要注目 - WEB CARTOP,https://news.google.com/rss/articles/CBMiUkFVX3lxTFBWMnREQkUyMzlmWkNHcGVPQzdyUjZlM3B6eU5SbTN1bUdUZVcyX2xWRXowOW50aWRKNjNKb2xEM3d4emVaWWhiWnVvTXZWWlhPWWfSAVdBVV95cUxORzB6MzRfdjhkSklLQWh2M2luQ2hfeXAtMFJfakZESXdZc0dPSmt4TnAyUXRVb3drOTlTTmJNM2FGWkdWZXg1a3UtYkZaN1FOeThDZWFGOEk?oc=5&hl=en-US&gl=US&ceid=US:en,WEB CARTOP,positive,1.0
"Wed, 03 Aug 2022 07:00:00 GMT",【哀川翔のカブトム史〈上〉】自己流の飼育法 全ては「ビニール袋事件」から始まった - nikkansports.com,https://news.google.com/rss/articles/CBMiggFBVV95cUxOZnF4TlRGZGdaUm41NVdRWmxoRFQ0cVBGTzQ0NVZxVHV6N3Y4MW9GV2pzdXhsY016eFlEd3cyOU1qOHVWX3JpaDFOYldwZ2xsR2dSSlZ0TDAzeTJtb0J0VGdQZmk3QUNKTkYtazR3Rjd6ZnUwekhLdWc0Q0RPWThqTDJB?oc=5&hl=en-US&gl=US&ceid=US:en,nikkansports.com,positive,0.991
"Mon, 15 Aug 2022 07:00:00 GMT",【哀川翔のカブトム史〈下〉】最後のメッセージ「幼虫も成虫もあまりいじらないこと」 - nikkansports.com,https://news.google.com/rss/articles/CBMiggFBVV95cUxPaHQ2emttdEtoMTZic2pwTk1hcmh0Rzl3UGUxWmtUNmF1WnNMNmMzZ1V3OTBqaG85TmY1bmJqaVhhOG0yY19Ha1JtaXhpUXc4U0RHdUNScW05dVJtVUdRMzVFYzNwWHBQdnI4cFd5enp0enlfUnhYTmhhUkpyNUVlM3Zn?oc=5&hl=en-US&gl=US&ceid=US:en,nikkansports.com,positive,1.0
"Wed, 17 Aug 2022 07:00:00 GMT",【竹岡圭の大きな夢を】第25回…今回は私のモータースポーツチャレンジをお話しようと思います。 - レスポンス（Response.jp）,https://news.google.com/rss/articles/CBMiYkFVX3lxTE45bVNPVW9xYWVBUUxiLVZMOVRlZnVZMlhBNUt1SnB1cHRIMjk2Sk1Cb2ZMSGFIb0tPd3A5ZE5ZNmF0NEdqU1otMGJhM1VuLVFqaFVqTm9Ta0wwMUVDYVpGOTdR?oc=5&hl=en-US&gl=US&ceid=US:en,レスポンス（Response.jp）,positive,1.0
"Wed, 10 Aug 2022 07:00:00 GMT",【哀川翔のカブトム史〈中〉】成虫を全滅させた過去 「奇跡の産物」ギネス88ミリ - nikkansports.com,https://news.google.com/rss/articles/CBMiggFBVV95cUxPUWpfRGRTYjNySlFrUkZBVGJLSk5mbUFwcGpCMzVOSWU2ekRhbThpZFl2dDlnX1JUdlBMcURyZGJIWWpsOXg0TnBuZ245Y0FhS1pBN2lSRGNQUm1KOVctamdHRUhJQWRhWktKNm9nYVVveXBQOXRrWDFobmQ1SUJjNHRB?oc=5&hl=en-US&gl=US&ceid=US:en,nikkansports.com,positive,1.0
"Sun, 07 Aug 2022 07:00:00 GMT",中野英雄 息子・太賀の作品で号泣した過去「彼を見ていると、柳葉さんとダブります」 - smart-flash.jp,https://news.google.com/rss/articles/CBMiU0FVX3lxTE5OU1VtSG1qVVBuLWNuVGRLdEFMdmNybjRDbkREZWVhS1NMelRDakMxTTc4OVY4aE9nbTlxTzNBNUxQUnpudFNnczNEWFE4TktPOXRZ?oc=5&hl=en-US&gl=US&ceid=US:en,smart-flash.jp,positive,1.0
"Thu, 08 Sep 2022 07:00:00 GMT",福地桃子は父の名に頼らなかった“隠れ2世” 大河「鎌倉殿の13人」好演でブレークの必然 - 日刊ゲンダイDIGITAL,https://news.google.com/rss/articles/CBMiZ0FVX3lxTE82QXhPa1NLZWd5NUxzU0JXZXQ4QV9FR05pRW5PR05yaU01a19rMkZkSzZKbmRDSVZUc0xqenRkUUtfUUVja1k3TVhGcTVQdXp1OUo1SzBuM0NrX3B3MFNqTDY5WUFlMjQ?oc=5&hl=en-US&gl=US&ceid=US:en,日刊ゲンダイDIGITAL,positive,1.0
"Wed, 07 Sep 2022 07:00:00 GMT",RIKACO 豪華な交友関係明かす 「ハシゴで繋がっている」3階建て大豪邸のお隣さんは大物俳優！ - スポニチ Sponichi Annex,https://news.google.com/rss/articles/CBMilgFBVV95cUxPelNXV0RSYmpqOURld2lvWkNlcXBITVhDTTMwemRpTmZwTG1URXlfNmFkNV9PSkVHdGprVk5SNDZ3bUtEY1VyejlfM0VRa2ZOd080X3NZcGdnWktpSC1pWmFCeEJGN3hrS2U2Sl9RNXpaWGFJcTZiU3FVWmI2a01rUVc1R05kVEdGandfN3h1VHloOHdfdWc?oc=5&hl=en-US&gl=US&ceid=US:en,スポニチ Sponichi Annex,positive,1.0
"Wed, 07 Sep 2022 07:00:00 GMT",トヨタ「ランドクルーザープラド／FJクルーザー」で哀川翔監督がクロスカントリーラリーに参戦！ 「XCRスプリントカップ」とは - AUTO MESSE WEB（オートメッセウェブ）,https://news.google.com/rss/articles/CBMiWkFVX3lxTE1ZY2V5ZEtDc1VVd1FUd08xdTdYYVEyVjQ3UU94NkVQYi1lT21RZHhodkpBVk40eGhFbHBncl95YWpqenhnSjNiNHR0TnZRbVdMdXN3QlpwZndmQdIBX0FVX3lxTFBtQVY5Q3haY05WQk80bDhOVFNKWlpWcERoRnJVamJjME9mbi1mUUZUVDBkT3RFM3A5UGNPTlJYdzdoME5YbG4xOVJmODZjb2o3SmlweGdkQzF3UGg1VURJ?oc=5&hl=en-US&gl=US&ceid=US:en,AUTO MESSE WEB（オートメッセウェブ）,positive,1.0
"Sat, 10 Sep 2022 07:00:00 GMT",野々村真やキムタク、哀川翔…２世女性芸能人「親超えの」魅力写真 - FRIDAYデジタル,https://news.google.com/rss/articles/CBMiYEFVX3lxTE9vZFpuV09NczlWN1VxeVVuUVQ1YXlTbGtENUd5MWpJSUEycXhkUkZIT3ZMTHIySXhKNnBzVHhIcXJFMXRPYmxtcFVYNktSbkRnS2tEN0Foa0Z4aG92MFVCRA?oc=5&hl=en-US&gl=US&ceid=US:en,FRIDAYデジタル,positive,1.0
"Mon, 05 Sep 2022 07:00:00 GMT",キングコング西野、『10万円でできるかな』で哀川翔と熾烈なハイレベル・バトル！ - テレ朝POST,https://news.google.com/rss/articles/CBMiUkFVX3lxTE9TZTlndk1DTG1wQzBSb01zdUk1SkVPVWpBVnpFam1CdkxwQnlWaFZGTkg0NllRQjJBLVdyVlZYMDFsbzF0RWdKM3dVTnVzaUdRbnfSAVdBVV95cUxNWkluQnp0LWNXclM2aXI4TDdHWVdTaG9ITldIbG51Mk13a0MyTDA1Tk5sbHJ3LXNZZkw1TXRHRi0xMXFFaWZHby1TcnFDRFllYXRpY0Qtcm8?oc=5&hl=en-US&gl=US&ceid=US:en,テレ朝POST,positive,1.0
"Mon, 05 Sep 2022 07:00:00 GMT",吉村崇も驚いた！本宮泰風「芸能界最強説」を断固否定も “圧” がすごい - smart-flash.jp,https://news.google.com/rss/articles/CBMiU0FVX3lxTE9IZGlyb2FxQXhBdXYwWnZmYm1UT3hMREp1cmItUHdQMWlsdE1GT3JnT1FWbVBmWXQ4ZUtzbjlHcF80NXV6MkF0OUZNcGx2enlubk9J?oc=5&hl=en-US&gl=US&ceid=US:en,smart-flash.jp,positive,1.0
"Thu, 08 Sep 2022 07:00:00 GMT",いざラリー北海道！ FLEX SHOW AIKAWA Racing with TOYO TIRESが「オープンカントリーR/T」で参戦 - ドライバーWeb,https://news.google.com/rss/articles/CBMiVkFVX3lxTFAzLVhwZHV2a2FiZ3NrQm9FZUdzMXllWXBBVG5UZmo3eGNUOUltTGdTeW03TE5MemJ6ckdHQ1JJdHdJY2VWeFZDODRwRnBzQVNxQjVmOHdR?oc=5&hl=en-US&gl=US&ceid=US:en,ドライバーWeb,positive,1.0
"Mon, 10 Oct 2022 07:00:00 GMT",哀川翔、朝ドラ共演の高畑淳子に「役者魂を見せつけられる」 - Lmaga.jp,https://news.google.com/rss/articles/CBMiU0FVX3lxTE9OeHlzTlNVb0tVU255bFlCWHp3QWJlemp4dVpDYmM4dWJObHFUdkpibk5MVk8xWi1NM3NxMWFqYXg4Vm52cXEtbU9HOGR6V0Z5eFh3?oc=5&hl=en-US&gl=US&ceid=US:en,Lmaga.jp,positive,1.0
"Mon, 10 Oct 2022 07:00:00 GMT",NHK「舞いあがれ！」で朝ドラ初出演の哀川翔　自らと共通「釣り好き」役柄に共感注ぎ込み - nikkansports.com,https://news.google.com/rss/articles/CBMid0FVX3lxTE1zWlZ5aVBwYkJ1a2gtcnNXaWlHQk56Y2hnMVlsUllsSERtR3pLbEZjLVc5alhKMG1kNTZmZ3hDS2k5Y2JSNHoxcmRfZXRzMUNZMzhJbFZzU0hXelB1UE1KLU14NVlnR3dKTTNiY1FycGhPMnY2clow0gF_QVVfeXFMUDlfQlcwZ0lQbWZDTlNqak9HVnh6ZzZnejROc2hfNDg5MGFxLXQ4MllGR0w4cHlvTGlrYW4wOXpjY25FWEVKVkFZQkxoQy1qTWg3ckgyUHVRcFB1T0F0OGZjaDU3OVRDYmpWbUpxS19ncVExVTNFWjk3RVhjYnhjWQ?oc=5&hl=en-US&gl=US&ceid=US:en,nikkansports.com,positive,1.0
"Mon, 10 Oct 2022 07:00:00 GMT",哀川翔「舞いあがれ！」で五島の船大工・木戸豪役 縁がなかった朝ドラから「オファ－が来て驚きました」 - Billboard JAPAN,https://news.google.com/rss/articles/CBMiZEFVX3lxTE5wTWxlTmp6eDVGUXRpM2JLbWZiQVdBSkczeDktTWRUbzMySm90dFpkOWE0SUFIS3BPV3J6UjlndTh2dE9aZ2FiUEJkbXdsMnU2ZUUtc1ZqOXF2YWV3WGh0YzYtLU0?oc=5&hl=en-US&gl=US&ceid=US:en,Billboard JAPAN,positive,1.0
"Wed, 26 Oct 2022 07:00:00 GMT",哀川翔×前田耕陽のアクション娯楽作。黒沢清監督の初期監督作品。「勝手にしやがれ！！」シリーズ、6週連続一挙放送！ 11月1日（火）よる7時～BS12 トゥエルビで全国無料放送 - newscast.jp,https://news.google.com/rss/articles/CBMiR0FVX3lxTE16a2dudUNYYVNBSF9leU1HTGd1YW9mNVM0aE9UOUo2U2N3SGg2M2tSS2JQTkVaWjJBSU9XT2JhX0lZMUhrc1A0?oc=5&hl=en-US&gl=US&ceid=US:en,newscast.jp,positive,1.0
"Thu, 13 Oct 2022 07:00:00 GMT",路上パフォーマンス集団「劇男一世風靡」出身の哀川翔 - Real Sound｜リアルサウンド,https://news.google.com/rss/articles/CBMiZEFVX3lxTFBnaHpIbFloV3JaUmR3a2pGOHZjYm9kYWp3V1hMeUR4MGpFRFU5Mnc2RE9fWFZCSEVNSUY1c3d0MXg1ckgyY0wyN1dLLV9BVUF1aXhVTUhiZ1VGVm5XbG1ieVFBMljSAWpBVV95cUxOTGVHVUptekJtaTZWTzdmZExWQmdjUHBjLXhsaVpyYzBvMUlmSWpCUFlrem53WHRHdkxnZ2lxVzBrOEUyU1NDaGc2WFhGTkJNN0FVRFdzZEFGS3BJbHhHdnVQWWI1ejVHNVZR?oc=5&hl=en-US&gl=US&ceid=US:en,Real Sound｜リアルサウンド,positive,0.999
"Mon, 10 Oct 2022 07:00:00 GMT",哀川翔 「舞いあがれ！」で船大工・木戸豪役 朝ドラ初出演で「驚きました」「島の人たちも温かい」 - スポニチ Sponichi Annex,https://news.google.com/rss/articles/CBMilgFBVV95cUxPVDZ5eE5HaGdabGlLVkp6cmRsS2k0ZGtIdkRZY1dOemNkLXR5MjlFSGJmVjg0cGRjcnduRi15YjY5VGJmaDQ5ZXQxYzh4dW5ZRDFUX3NPeWlCSmNHVUI2LWM0ZlhWdU0yNHVxb1ZoNmE4ck5yeWVHQ1M2NlZ5ZHVYVHM5NnBmX0lMX1hxVXBEZm5KQmlxVFE?oc=5&hl=en-US&gl=US&ceid=US:en,スポニチ Sponichi Annex,positive,1.0
"Fri, 07 Oct 2022 07:00:00 GMT",【1ページ目】柳葉敏郎 哀川翔とのマジギレ大ゲンカ告白！出刃包丁取り出し…「この勝負なんだと！」 - 東スポWeb,https://news.google.com/rss/articles/CBMiZkFVX3lxTE5tY1ZNUHFrb0JTMzR1Vk5aNkEyWFFoamgybl9JVElfRHc5WlF0eGJLU2otZFNxMk14T2s5MjdZcFBJd3BucW9hNmh0MkpoMmdxUTliY0NVS0VfQlVCdDlzSnRqZUFBQQ?oc=5&hl=en-US&gl=US&ceid=US:en,東スポWeb,positive,0.999
"Mon, 10 Oct 2022 07:00:00 GMT",哀川翔：「舞いあがれ！」で朝ドラ初出演「オファーが来て驚いた」 長崎・五島列島の船大工役 - MANTAN WEB,https://news.google.com/rss/articles/CBMia0FVX3lxTE54eFB1YjZhWWdsOUR0WWRocENRdnVkdjFZYkNrV0lkTGxaVzBhdzVMNFFRcmhnRUJsdzViY25UU1lTZmxDcVVVangtU0JNXzN0UFZRSUVyVXg2WEpveWE5Vi1UNVV2UlFiOUo0?oc=5&hl=en-US&gl=US&ceid=US:en,MANTAN WEB,positive,1.0
"Mon, 10 Oct 2022 07:00:00 GMT",【舞いあがれ！】哀川翔、初朝ドラに自虐「朝の風景に俺のイメージはちょっと合わない」 - ORICON NEWS,https://news.google.com/rss/articles/CBMiVkFVX3lxTE53ME1sVTQycGxPTjVGNDR4MktaZjVkNV9xMXY4aEt0SWRWOVJBUzRiZGY3VkRFNFZpaUlpbFhuYVRnRW1YcHZYMWZNS2RGTndQYzByYjVB?oc=5&hl=en-US&gl=US&ceid=US:en,ORICON NEWS,positive,0.999
"Thu, 06 Oct 2022 07:00:00 GMT",ＮＨＫ朝ドラ「舞いあがれ！」哀川翔登場で「アニキー！！キター！」「人の家の冷蔵庫勝手に開けるのわろた」の声 - イザ！,https://news.google.com/rss/articles/CBMidEFVX3lxTFAzVW9zYjYzUkxSempaZ0VseTBXY0NrM0hBUzNDQUVKYXhiUEpZU1JKRklmNktLRGpuTHhQV3F1TjJEd2tEdDFNaTNyS0FsODRvQVU5czY5MDE1aDIyOEtFOUdKNUZnR0NnZG5FZXhpcjFGZXNn0gGIAUFVX3lxTE1uQ2kteTNGcFV0MUdQVGhIWGhmbnNiWUZ6SF9RdDRDdWRQUEh5cHFRakRKUU81ZWJNbVZfeV91LTVmN1hwd1Q2OEJrZ1I4UlFacUVjbFNlV1Q1NktHdTQ1TDZsdk5sSzYzeWozM3N5eDVvRVdadW5IdmRIRHNqRkV1aHNWM3ZKTGU?oc=5&hl=en-US&gl=US&ceid=US:en,イザ！,positive,1.0
"Thu, 06 Oct 2022 07:00:00 GMT",『舞いあがれ！』哀川翔、長濱ねるら地元出身キャストが登場　母娘の葛藤をどう描く？ - Real Sound｜リアルサウンド,https://news.google.com/rss/articles/CBMiYkFVX3lxTE1YUnRWYUpuQXBTSEVodHN6VzBYOWtyRy10TzRwb3p0SVRuUmxzWENKUndiNTBVRHEwTDlYWFE3RmxGaEx3SXhzakhNMjhXbzFHaDk5YTh3RXBVWXcxcmI0R2hB0gFnQVVfeXFMUE85c01TM2w5MEZOdEktXzV5QnNQMTR1b3hMX3FlQllhNjdfbENlZEhVVUItVS1CVDZYeVdhX2tmanEySnBzbTZFNGxtay1QS3BhRUJwVmVWc3pDRjdoXzloRHh4eGtRbw?oc=5&hl=en-US&gl=US&ceid=US:en,Real Sound｜リアルサウンド,positive,1.0
"Thu, 06 Oct 2022 07:00:00 GMT",舞いあがれ！：哀川翔が朝ドラデビュー！！「いいおっちゃん感がすごい」 娘は大河「哀川家忙しいね」 - MANTAN WEB,https://news.google.com/rss/articles/CBMia0FVX3lxTE9sUmRMUmVmZm84Yk1OODhmLUJFa3NYNXBVLVFtZXMxQ1FTSW5tNDJUemxHNmdRRVRzaDczQWpWY3pobndINm8xcHRMaXQ2WWx3X2JHZVdmM3NlRHJMVGhXU0ZKeWRTRHdIaWRz?oc=5&hl=en-US&gl=US&ceid=US:en,MANTAN WEB,positive,1.0
"Thu, 13 Oct 2022 07:00:00 GMT",舞いあがれ！第１０回・空高く揚がれ、皆で飛ばす「ばらもん凧」 - Lmaga.jp,https://news.google.com/rss/articles/CBMiU0FVX3lxTFByV2lxUk5rdjFiMC1MQThKSTlkSno5OTBaV0tMRFVrOExneU9FMlVaNDJfTHZ1OV84anRYWjJvS1RwaEJHUDMybG04RkFtYnJMa3k4?oc=5&hl=en-US&gl=US&ceid=US:en,Lmaga.jp,positive,1.0
"Sun, 16 Oct 2022 07:00:00 GMT",岡村隆史が「岩城滉一に下ネタ」「哀川翔にドッキリ」でマジギレされた恐怖体験を振り返る！ - smart-flash.jp,https://news.google.com/rss/articles/CBMiU0FVX3lxTFBaa2d0R1I2anpXZWZ3STFJTVhrWjJjNGcyWDFaU0lTVGRodml6RUdTMmFpNUVTS3FvSlJRNWR6ZmdlUEg5czJsbGNTd0MtWEFjMkhv?oc=5&hl=en-US&gl=US&ceid=US:en,smart-flash.jp,positive,0.987
"Fri, 07 Oct 2022 07:00:00 GMT",香川照之「カマキリ先生」“後任”にハライチ岩井が“参戦”表明！ 根強い哀川翔、関根勤待望論も - smart-flash.jp,https://news.google.com/rss/articles/CBMiU0FVX3lxTE9sdS1vUXpuRW1XdlJTRE53VXczcTVZbjN3ZmFzSmhWR2drdjMxNEVwRDFZdm5XUnM2OXRNRTRhV2tOYlVmdHBlamFVZzIyOS1DT1FB?oc=5&hl=en-US&gl=US&ceid=US:en,smart-flash.jp,positive,1.0
"Mon, 03 Oct 2022 07:00:00 GMT",勝俣州和、初対面で柳葉敏郎を骨折させていた！ そのままライブツアーを続けた柳葉の男気に感服も自分は“哀川翔派” - smart-flash.jp,https://news.google.com/rss/articles/CBMiU0FVX3lxTE9Ua1dlVENBY2MzdWp0d0ZyUUc3S1ZEUHY3UnQxWUhHRHhhdTVzZ0otVVdnNlJaZGlHX25tblFBS1Q3a1BfR0RGdG05NG1SbEx4RGg4?oc=5&hl=en-US&gl=US&ceid=US:en,smart-flash.jp,positive,1.0
"Tue, 29 Nov 2022 08:00:00 GMT",佐藤浩市＆横浜流星「春に散る」ヒロインは山口智子と橋本環奈 ボクサー役で哀川翔、片岡鶴太郎、坂東龍汰が出演 - 映画.com,https://news.google.com/rss/articles/CBMiSEFVX3lxTE94WWRBbnNsLWxFV1U2em5ldl9TZHRhUlNkRF80SVJLY1EzeEUtTVVWR2kyVUQwRDRMMFNQRVR5UTI2V3JOaE5Jbw?oc=5&hl=en-US&gl=US&ceid=US:en,映画.com,positive,1.0
"Thu, 17 Nov 2022 08:00:00 GMT",ＮＨＫ「舞いあがれ！」木戸豪（哀川翔）の“勘違い”から始まったストーリー展開に朝ドラファン脱帽「１秒の隙もない」 - イザ！,https://news.google.com/rss/articles/CBMidEFVX3lxTE85czZkZ2hWQUp0RG1Mcld5em4waUZtSDRRWmM2ekZKWDVnQTNJSXl2am9rcUFPT2x0RkJBRjBOOWJhLUNuRTIzeV9vcW8xYlNNUEZPSkd6clJvQzNLUUloMEJfaGJ6cVFNOUt5czJJU2MweXp30gGIAUFVX3lxTFA4UWFyYkRwbktlR3JIbGhQRUNEdFVFRkpxVkhBUUxTaGJnOHRTZEw3cm9FMmJidDhkN2J5WEw3WW5FQUlZTTFxZHpodk9CdWVSb3hWZEVTcUtCS1c4TzQ1VDhjWTlpZlQ0M2dsOXAyUWd6U0dsRTAybUhxTGwzSFB0UGEtZ1NWQWQ?oc=5&hl=en-US&gl=US&ceid=US:en,イザ！,positive,1.0
"Tue, 01 Nov 2022 07:00:00 GMT",勝手にしやがれ！！ 強奪計画 | 勝手にしやがれ！！ | 無料ドラマ・映画 - BS12トゥエルビ,https://news.google.com/rss/articles/CBMipAFBVV95cUxORTlyeGpVTlhOdWF1TnhhR0VCT09wYzM2X21xZHM3REVBTUpEeXFLWEM2X1I2Z2NMUFB3ZEo2YnljNS1fRlRseDhaVkZWRG16TUo2eFU5T0duc3l4WjR3UzYxMWJvbkZmcVpKVkJCTEh0M21WdTFpd2ktUnZYaE9URTBDdHRtQnd3SXF5QkU1a1JVVWNIQmFLUmQ4dUlBVkRuMGtTaA?oc=5&hl=en-US&gl=US&ceid=US:en,BS12トゥエルビ,negative,0.941
"Sat, 19 Nov 2022 08:00:00 GMT",福原遥＆哀川翔＆若林元太「舞いあがれ！」懐かしの五島３ショット公開「２人の成長が楽しみ」 - nikkansports.com,https://news.google.com/rss/articles/CBMilgFBVV95cUxQdTd5ZTJ1eXIwdVg1NENDRmx4ZW0yMTFKQ29mR0ZJRVM4bXltazNSeGtGeVIyUUVjQVlfSjRuM3dHX1VOdHFHNkVwWG1BeUhDMjhCOWRzRHFOcmVTbF85aFh4R0VGV3J6eEdTRWNTcnh5U1llNE1TRG56aVhHTHFZc3Y0OVZJMUFTOXZ6MGxHa196d2RwVFE?oc=5&hl=en-US&gl=US&ceid=US:en,nikkansports.com,positive,1.0
"Tue, 29 Nov 2022 08:00:00 GMT",横浜流星、橋本環奈と初共演。映画『春に散る』の豪華キャスト情報解禁 - NB Press Online,https://news.google.com/rss/articles/CBMiTkFVX3lxTE91bUYzenhFbFllNTVNQWpYXzNiNm4wS2FmTmlHNFBJUTM3Tk1tYkF5YUYzUkdIOFJVN3JPcXoycVV2aHhiT05Wa2xQbGVnUQ?oc=5&hl=en-US&gl=US&ceid=US:en,NB Press Online,positive,1.0
"Thu, 24 Nov 2022 08:00:00 GMT",GACKT、氷室京介、哀川翔・・・意外すぎる人気芸能人の本名（2022年11月24日）｜BIGLOBEニュース - news.biglobe.ne.jp,https://news.google.com/rss/articles/CBMickFVX3lxTFBVa2VvNk9NNFVCaTc1cW8xWU9TRGhZVnFVeUMydGdqOHdUaGwybi1EN29VRmJJazc3cnlLMEVVX3NfeFFQX2tFdVBqVjdmRDdkSTBHQWhYcERkWHJ0cEQ2Rzk1N3dVX3RJMi1JczVfQTVzUdIBf0FVX3lxTE4wWWVfVXpOemdId3pLbDNyZ1FDVDJ5Z0xqemI5bm10Z3ZUMjQwWmZfQjJhLTNzQ1VKdEJxczBDUkZyVWlHZHQzeXBUZTFhLXNudDlqUXlSVUVIbi1pem9YUUc2S3hJRW85aExUdGhCNzJwWVNSWTQ5YTlsVi1HSm8?oc=5&hl=en-US&gl=US&ceid=US:en,news.biglobe.ne.jp,positive,0.999
"Thu, 24 Nov 2022 08:00:00 GMT",ノンフィクション４コマ「ホームセンターあるある」がバズった理由 - wanibooks-newscrunch.com,https://news.google.com/rss/articles/CBMiZkFVX3lxTE5jN19MQVVSYzZ4NEEtSExFUjhaT3BsUTJ2dmpMZGh2WE5abGd4eDN0VUtXM3dmVFRtUE5pRVB5N1BtQ2NWZjBjRmdYdHVqZW16NXRNQXNuZjNLSVhnSDM4Y0x6OXppQQ?oc=5&hl=en-US&gl=US&ceid=US:en,wanibooks-newscrunch.com,positive,0.998
"Mon, 21 Nov 2022 08:00:00 GMT",神田うの 私物の買取査定金額で番組最高額！！ 美川憲一からの誕生日プレゼントが哀川翔の30万円超え - スポニチ Sponichi Annex,https://news.google.com/rss/articles/CBMilgFBVV95cUxPQ1NvRHhpOENSSnZZZlYtQWxCMldWVkJ4SC1hNW5tNGFHVGh2UHV1RS0xdXVkUlNtNWJZNWRFcnBSY1g4ZS05VGE0anV3dHY5dk9ia1hRbmRNYVlhOEdSNWE4WFJST1BXSHc5MjkzZ2ctRWhpNTNnRk5JZTVDS2oxU1h5Zk1ndWdUUGtZSUJxYy1vZndES3c?oc=5&hl=en-US&gl=US&ceid=US:en,スポニチ Sponichi Annex,positive,1.0
"Wed, 16 Nov 2022 08:00:00 GMT",ＮＨＫ朝ドラあすの「舞いあがれ！」１１月１７日ＯＡ第３４話あらすじ　舞（福原遥）が五島にフィアンセを連れて来た？ - イザ！,https://news.google.com/rss/articles/CBMidEFVX3lxTFA5bjlVdlVUWm1UWWhSYTNZakhKSHZGM0gwY3Z5Y0JHa1BLbGZLSFREQ0JjdVBZbEQwTDFIeDhPYkw1R1dJUkN1ZkJNSlNrQ0V0cmY0VnVOeUNiOUNOUGljaVFiTFp0TTVfUVRaZlhCMm9rSnBz0gGIAUFVX3lxTE9ndUJ6YzRiSHVvRUFSZkFVNTVtU1ZXSGhlbFBuSXExUVh6UzVHZlRla093d01aXy1LZ0libzREOU5OZ1FQZkNpeUpJU1FDQ1k5ZXh5S2M5c0VvbkczYWJZZmRIelAzTE53bHhFbHNYWHlNa1pEYzZ6M0NUVVgwOEsyOWM1V3dpMW8?oc=5&hl=en-US&gl=US&ceid=US:en,イザ！,positive,0.999
"Tue, 20 Dec 2022 08:00:00 GMT",ケン・ブロックや哀川翔も登場予定、トーヨータイヤが特設サイトで各種イベント紹介…東京オートサロン2023 - レスポンス（Response.jp）,https://news.google.com/rss/articles/CBMiX0FVX3lxTE5oQXU4TlJydFBYblBscjF2akktLW1yTU1Oem8zaU5ld2lTY1c3NWZMS0J4ejEzc2VRZGVLa1h3UXZvU013VVc3dmJnN3Y4eDhIb29FdExPRmtPQ05sR0tR?oc=5&hl=en-US&gl=US&ceid=US:en,レスポンス（Response.jp）,positive,1.0
"Sat, 03 Dec 2022 08:00:00 GMT",二足目のわらじ〜あなたの副業なんですか?〜 - レギュラー番組への道 - NHK,https://news.google.com/rss/articles/CBMiaEFVX3lxTE5MTGJpLUVWYUllOTJGU0RsNExTMDg2b0xlV3N5Z3BfYVBtX3F5aXVFbmtWTVBEOTJwMVZkZTJiQzVHZDQ3OGpjc3pyOWF3cVRUcWx0dnVRUDVnbkZuSHUzd1pURzJJSVVr?oc=5&hl=en-US&gl=US&ceid=US:en,NHK,positive,0.993
"Tue, 13 Dec 2022 08:00:00 GMT",「ゼブラーマン」を演じた哀川翔（左）と水木さん - スポニチ Sponichi Annex,https://news.google.com/rss/articles/CBMilgFBVV95cUxNcXIyVWI1Y0N2cHU3NUE4ZUg4dWUtSzg3U1pPVHRkenZDT056WXRlZVl0VHlsQjhyRXdpNXJid1dJSjV3cmNCMVV1OUV4QS1DbGNVUXdiTWhwYmN6OU9tOVp1WXl0THpuazBPLWhQMzR1SXlSQjVLRzNIZjVHT210bW5QaDJ6Q1FjT2xHR3BhaGNHdXhqQkE?oc=5&hl=en-US&gl=US&ceid=US:en,スポニチ Sponichi Annex,positive,1.0
"Fri, 16 Dec 2022 08:00:00 GMT",修羅のみちの上映スケジュール・映画情報 - 映画の時間,https://news.google.com/rss/articles/CBMiUEFVX3lxTE1VSkhPZkc0OUhJMlBidlRGUFNSX3FXbTZwNlZ0VXFKRmhReHQ5WkxDeTFUd21mdHVkU21RUXEtc3VaOGhXTktBa0pWcmdGNXNU?oc=5&hl=en-US&gl=US&ceid=US:en,映画の時間,positive,0.981
"Tue, 27 Dec 2022 08:00:00 GMT",佐藤浩市が急激老化？「髪は真っ白、頬も体もやせこけて」撮影現場の見物客が騒然 - NEWSポストセブン,https://news.google.com/rss/articles/CBMid0FVX3lxTE9lTml4cnN6MmU0STd1dXBycVZIaG9uNDJnQS1wLW5rTVhNbEZpWXdYX0NSODRyTndQOUliSUZheUNScTJPc3FtRjZVMlFObTRZS3g5dk9rOEhpZWw0bUlDaDc2bGJyN3B3YkFiamNUbVhMRnVVb1Fv?oc=5&hl=en-US&gl=US&ceid=US:en,NEWSポストセブン,negative,1.0
"Thu, 22 Dec 2022 08:00:00 GMT",【舞いあがれ！】23日のあらすじ 舞、星が好きな朝陽のために動き、朗報ゲット - ENCOUNT,https://news.google.com/rss/articles/CBMiT0FVX3lxTE93czZTUG1JckFobGRyVnBaZGRhVVAtSUdzcXE4Ty1LUzh4azFkTDdXYklmWDk4d0JqM0YzZ0FIMUV1SF9YbC1uUlhYUkxaUUE?oc=5&hl=en-US&gl=US&ceid=US:en,ENCOUNT,positive,1.0
"Thu, 22 Dec 2022 08:00:00 GMT",ＮＨＫ朝ドラ「舞いあがれ！」一太（若林元太）も恋のバトルに参戦？　裏で「ｓｉｌｅｎｔ」告知の目黒蓮に「柏木学生、番宣してる場合じゃない」 - イザ！,https://news.google.com/rss/articles/CBMidEFVX3lxTFBpS09PZk5iZGJZeWx3S2NRMWRocDFVdkpwRUN6Rld5cGV4SEJVV2poMmhkQXpYSlp3dGlaTlpKZ0ptNEhKY3hHTjQydk9HamdTVjJZT1V2b2pNWnBUZEgwQ2xJc2UtQ2FBVEU0eXdlT0hTZkRG0gGIAUFVX3lxTE5zSFhkamw3OUp1Wnhwc3QyTWdzZXRTOENJZTNEYmI4ZXkyTEZQRVZ1ODBkak1DZFFleENKTkZYZ2lYMHdzX3dhczcycmRTcGVoZzExdFFlaXdWX0loSE9tY3VYMW5PVFE3VnBSZUd6Zy0wUUdGdHUxSmE4Vk53Z3dqUWExdEtUSnk?oc=5&hl=en-US&gl=US&ceid=US:en,イザ！,negative,0.995
"Fri, 16 Dec 2022 08:00:00 GMT",修羅のみち4 北九州代理戦争の上映スケジュール・映画情報 - 映画の時間,https://news.google.com/rss/articles/CBMiUEFVX3lxTE9ickhmT05NTjZUMFZUdmlXdTZmVTFTLXRjamx4WW9ybkc0WF9nS3VMVVgyT0VETFdTREhpQjN4bElEZEVoM3hzZkZOblg4cXJS?oc=5&hl=en-US&gl=US&ceid=US:en,映画の時間,positive,0.999
"Sun, 18 Dec 2022 08:00:00 GMT",勝俣州和が語った「芸能界最強伝説」和田アキ子はグレイシーより先に必殺技を考案 - smart-flash.jp,https://news.google.com/rss/articles/CBMiU0FVX3lxTE1LYzFKU1dmSVN1V3VPcldaOWYwODI1X1I5ZnRKNjlyaFRGVmdOeDRIUFpMZDRNa2hLUU1EcVVmdl9MOE9BSnZJY0kybFpEOVdycW9v?oc=5&hl=en-US&gl=US&ceid=US:en,smart-flash.jp,positive,1.0
"Tue, 27 Dec 2022 06:52:06 GMT",どっちが副業？「二刀流」で驚く芸能人ランキング - ランキングー！,https://news.google.com/rss/articles/CBMiVkFVX3lxTE5XOU9Lb3Vod2k1bUdjNjhTcUNGTHpEWjdQOUhZTFBFVnY5dUhIVGZuak1fdXBmbjJPU2ZzVElBMEg5a2hUaHZRUktJTDA4cDdTSWdLOWNB?oc=5&hl=en-US&gl=US&ceid=US:en,ランキングー！,negative,0.999
"Sun, 29 Jan 2023 08:00:00 GMT",ＲＩＫＡＣＯ、哀川翔の三男と２ショット「まさか幼なじみの２人が」長男が演出の舞台に出演 - スポーツ報知,https://news.google.com/rss/articles/CBMiYkFVX3lxTFBZWkZ3RXFFcUlxN1otazFFR0ticC1XSEk2Q0swQVFUUlowbWRqX2c2ZTZUMXBlcUNMeU5vN1QxSVFVVU5tMUZTWDJ6MEpyVkQwZWVWOTFSWGRYTk1Bekp3M29R?oc=5&hl=en-US&gl=US&ceid=US:en,スポーツ報知,positive,1.0
"Mon, 30 Jan 2023 08:00:00 GMT",RIKACO、哀川翔の息子・福地展成と2ショット「dadに似てらっしゃいますね」 - ORICON NEWS,https://news.google.com/rss/articles/CBMiVkFVX3lxTE55OEZEM041OWozR3ZyaDJ3UF9oVWF6TE1lNTZnWW4wMXVDYjhETW9VUzRHTm9SdkJSLXk4amR6blBpdmEzTnRZaWUzY0lfS3JkdmZ1ajdB?oc=5&hl=en-US&gl=US&ceid=US:en,ORICON NEWS,positive,1.0
"Sun, 15 Jan 2023 08:00:00 GMT",小沢仁志と哀川翔が台本なしで自由にトーク、「TOKYO SPEAKEASY」出演 - ナタリー,https://news.google.com/rss/articles/CBMiS0FVX3lxTFB6MVR5V18wWEtrM2FnTTNqVmJLbkpham9oYlg5Qm9IMDBGQXFCNFdXQ1BKejlIWmNnU2RHSGh2Y3JEUm1zS2xaSzlNaw?oc=5&hl=en-US&gl=US&ceid=US:en,ナタリー,positive,1.0
"Tue, 31 Jan 2023 08:00:00 GMT",RIKACO「人生は不思議だ」長男が演出・脚本の舞台に「隣の哀川翔の息子」福地展成が出演 - nikkansports.com,https://news.google.com/rss/articles/CBMid0FVX3lxTE1tM2hDdXF4azBiZXpGd1ByR0U0c0lKeHJmcDZTYUl3RGlOM0xTNWNWbGFQZERWVVN2NElhOVZEakVvTy1iWnJ5alhFalFlbk9MTGt6el9Db2U3UktDUlB2cWhlUkJMbi1WajJ2RUNSM0pzMC1sNlk00gF_QVVfeXFMUFF0OTJxMF94eW81ZU5DNDl5NG5RRmMzbFgyczA1OXAxcGNES3BUOVN2M0NqUV94SUJvQlZPQmRJbVBRNWJVS0FscnVza3pBdE4xTGhrLUNZU1ZTLWxPM2dWX0dfTEc4bko5dmRWYUI1Ny00a0pVelctWkwydUFhTQ?oc=5&hl=en-US&gl=US&ceid=US:en,nikkansports.com,positive,0.995
"Thu, 26 Jan 2023 08:00:00 GMT",ＮＨＫ朝ドラ「舞いあがれ！」豪（哀川翔）の口から「カブトムシ」「昆虫博物館」飛び出し、トレンド入り - イザ！,https://news.google.com/rss/articles/CBMidEFVX3lxTFB4dzJPMlRzZTlPWk1oX0NZYUdlYTZ4YzNhOGFONllWT0hEbUFkMVg4VGRPVXpXV3NTVjd6R1QxNGRNX2Zzc3NsdXI3VnA4UFVBV2J0VV95aWxyYXRPMTVGX1B4VjZlR3A0bkxjbUNycGxMX2FE0gGIAUFVX3lxTE1PREJOT2ZWcXJHdXhfeWJNRWJSTFpHd01yUU1uQmpqQ2JZeHYwYUM4Q3VTVy1jbU1JWUVMbkI2STdZTDBoV2dpLXozZ2E4eTN3Qy1vVFVKVF9leHNpOVhSWGs4M1d4UXEwN3BkZTJNei1mR2ZibDhqbG5pNlNia25vaTRVUzhGSFU?oc=5&hl=en-US&gl=US&ceid=US:en,イザ！,positive,1.0
"Mon, 30 Jan 2023 08:00:00 GMT",RIKACO 長男が哀川翔の息子と共演で「まさかこの幼なじみの2人が一緒に…」「めちゃくちゃ素敵」 - スポニチ Sponichi Annex,https://news.google.com/rss/articles/CBMinwFBVV95cUxPZjFOZXFycXlNZ0FDU0NodU13a1d5b0tPQVNXem1qdTQ4clRZcnNTVi1fUlJBQWZ0WkFsMFFuY3BmcnBzYVhJRzZOcXlRSl9RWHU0RTJxcjFvVWVnZmJoSFBaRGRiam5RZnJGcjFmdjZNa1ppLXN0bWZFeEVPbzRMX2w1OXN2NmExWm9BQ0tFM2JkNWJlMFBEZWtNLWQ0Z2s?oc=5&hl=en-US&gl=US&ceid=US:en,スポニチ Sponichi Annex,positive,1.0
"Tue, 31 Jan 2023 08:00:00 GMT",RIKACO、隣人・哀川翔の息子との2ショットを公開「まさか役者になるなんて思ってなかった」 - アベマタイムズ,https://news.google.com/rss/articles/CBMiVEFVX3lxTE02eWZjQWhWaFlwdzBNRzJDQmk4SHkxWml2cXI3NnU1emRUTllLZ0F1cWJBbDU4NmVKZWJBd2hlZGRQbjgtbDdIMmdIOUdZZUd4X05waA?oc=5&hl=en-US&gl=US&ceid=US:en,アベマタイムズ,positive,1.0
"Sat, 14 Jan 2023 08:00:00 GMT",トーヨータイヤ、2023年シーズンを共に戦うドライバーや哀川翔監督、木下隆之アンバサダーが東京オートサロンで集結 - Car Watch,https://news.google.com/rss/articles/CBMihgFBVV95cUxNVERNSWRhbFpLeFZadmRyckM0OGNVQ2loTDJxNTY0VkxDZkJqdzBRUDE1eDNBR3B5MW9LdGNHek9zMlBPWVlJbHo1em1EMGxfa1cwY3A5NzhkdDV2a0RhbUdBZVRwdUhINkk0Smp6bEZHNWRsR2N5LW5TNlRVZWhoZ2E5Ukk1Zw?oc=5&hl=en-US&gl=US&ceid=US:en,Car Watch,positive,1.0
"Thu, 26 Jan 2023 08:00:00 GMT",舞いあがれ！哀川翔がカブトムシネタも高畑淳子が即却下 ネット沸く【ネタバレ】 - デイリースポーツ,https://news.google.com/rss/articles/CBMiakFVX3lxTE9lMnMzZklBcUFWbU9EQVJ5Q3FxTEk0enFtbzd5VVFJYnk1dGdMdTZ6ei1uc2k0S2F5NkgySkRXdTZMdDY0UmR5NGdKUUNSVnhCZDhZV3lXeXRUamhpNUNFeVhTdnpXaHFhdFE?oc=5&hl=en-US&gl=US&ceid=US:en,デイリースポーツ,positive,0.835
"Tue, 31 Jan 2023 08:00:00 GMT",RIKACO、ご近所・哀川翔の息子が長男の舞台で「共演」　思わぬ“巡り合わせ”にしみじみ　「人生は不思議だ」（1/2） | ねとらぼ - ねとらぼ,https://news.google.com/rss/articles/CBMiXkFVX3lxTE9UM1lhSFlHd2tkVkdxSEtQcGZQdXdKMDFhZDZDc21INVJVTmlfVDBaek9QSmxvRkg1RktvMHZiSVpST1FRbXZWM2UwaWt1c0xJMTBvM3BoMnpJT05Kc2fSAWNBVV95cUxPUkhWOW82U29IWGFQcXQ1VGJfbTlQa0VvbEZoaEJLOGJpa0l0aE9aeXBmYVp2akI2QllUWnNYYzFiSkoxM3R6OWFCQVdza3Vlamw0MndnbEp1cGVDb2d0SXp3ZGc?oc=5&hl=en-US&gl=US&ceid=US:en,ねとらぼ,positive,1.0
"Fri, 13 Jan 2023 08:00:00 GMT",ラサール石井×小宮孝泰、野々村友紀子×川﨑麻世、ものまねタレント レッツゴーよしまさ×なかじままり、俳優 小沢仁志✕哀川翔『TOKYO SPEAKEASY』 1月16日（月）～1月19日（木） - PR TIMES,https://news.google.com/rss/articles/CBMiakFVX3lxTE5fSldSNnJReVlHVFI4aFpMZ3p5YUp1RV8wVlp3cERpZFZEMmh0SEFsR3FvaEtta3lCMVdCT0wxY1hwUExCMUhOdUpwZXV0dXY3NHpqR1ZDMVh5bWxNeUNxRWhmSnFDODlxN1E?oc=5&hl=en-US&gl=US&ceid=US:en,PR TIMES,positive,1.0
"Tue, 31 Jan 2023 08:00:00 GMT",哀川翔、過去に３００人ＶＳ３００人の乱闘「竹下通りのシャッターが全部閉まった」 - デイリースポーツ,https://news.google.com/rss/articles/CBMiakFVX3lxTE5xNjdrUVhUWDlDWWdjVjEyXzU5anZia1RydFAyVDdLc1dlMFE0U0ZXeF9QeV82LWYzYjFUaldvSUFTZUdFQ09VZnhQRThxc2QwbkxYZFpMMUlONmRmQVFTM3NBYU9EblFVSWc?oc=5&hl=en-US&gl=US&ceid=US:en,デイリースポーツ,positive,0.995
"Sat, 28 Jan 2023 08:00:00 GMT",哀川翔、伝説の「300人×300人のケンカ」で「竹下通りの店の全部のシャッターが閉まった」 - smart-flash.jp,https://news.google.com/rss/articles/CBMiU0FVX3lxTE9TV3liaVlmYUF3dUtCMnFXMjh2ZzdRN3B3ZGstWmY1Z2gzMFpZa3EtdEd0MzNtMm4zU2VWYzhMenNpN2FEVmtQeG5RcE9IaTk0NWlr?oc=5&hl=en-US&gl=US&ceid=US:en,smart-flash.jp,positive,0.992
"Sat, 21 Jan 2023 08:00:00 GMT",哀川翔＆小沢仁志が「ピストル撃ちたい」ヤクザ映画に出ても偉くなると「語る役ばっかりで、つまんない」 - smart-flash.jp,https://news.google.com/rss/articles/CBMiU0FVX3lxTE8tZ3RCemhTY04zY0VNZXJsYlh0UHVVMzRYcUwyNDhLNmd0R2U3T3A1MjZQYnBqNWgwMVJvOWNGWmVhb1AzRVo3cmhYY2poNXVGejlN?oc=5&hl=en-US&gl=US&ceid=US:en,smart-flash.jp,negative,1.0
"Thu, 09 Feb 2023 08:00:00 GMT",コロナ禍乗り越え「オール鹿児島ロケ」 哀川翔さん主演で映画制作 [鹿児島県] - 朝日新聞,https://news.google.com/rss/articles/CBMiZkFVX3lxTFA4eUcwS1NwMkxsRmlfX1R2R1A1ZEptemdCZzZjalllLW1zQU8yYlA1VXNUZFpnbkt2OGxPUTZFSVliRUtESTg1WGY3V01BR2x3WHZkMXJtN1JjUm15eTgwREktc3ZNQQ?oc=5&hl=en-US&gl=US&ceid=US:en,朝日新聞,positive,0.999
"Fri, 03 Feb 2023 08:00:00 GMT",福地展成、演技の悩みは父・哀川翔に相談 キャスティングは「RIKACOさんとのご縁」 - ORICON NEWS,https://news.google.com/rss/articles/CBMiY0FVX3lxTE5ya0lzQnQwUVhuWmRtUWVUWXBQaUM5VWtMRHdWaUVmWm5yWm5vdTdxWEJKNWhuNU94N3dJc2FGcTduWVZDZEU5SFBOejJIYnBKQ21PSlFXejVHd21Hdy0xMjFVQQ?oc=5&hl=en-US&gl=US&ceid=US:en,ORICON NEWS,positive,1.0
"Fri, 03 Feb 2023 08:00:00 GMT",RIKACO長男、松本伊代長男、哀川翔三男と大集合、舞台「どうか妹だけは助けてください」会見 - 中日新聞Web,https://news.google.com/rss/articles/CBMiU0FVX3lxTE1mZmlqRVU2RVFCbFhfRWkxT1pET21iU3VJNHNlSGdoY3ZUUVh1RjZqWnBGOTFDeFRuNmxldDF2STBFNkRQeXN4WGthUFVrMi1uLXRv?oc=5&hl=en-US&gl=US&ceid=US:en,中日新聞Web,positive,1.0
"Fri, 10 Feb 2023 08:00:00 GMT",的場浩司扮する狂犬・織田征仁が大暴れ！『織田同志会 織田征仁 第八章』がdTVで配信スタート - PR TIMES,https://news.google.com/rss/articles/CBMiakFVX3lxTFBialQwS0FNWUdyeFdyLVFXNXRtNWQtUWthay04anZEWkZEbHhOa05wc3pzYkZCY19kOUIxWE5uSTBBbDBvdEsyVkJaYkZvc3BKaEExZWdic0NjcjdyN0JiVWNrdG0yaERNN0E?oc=5&hl=en-US&gl=US&ceid=US:en,PR TIMES,positive,1.0
"Fri, 24 Feb 2023 08:00:00 GMT",あのモフモフでいたずら好きのウサギたちが帰ってきた！ピーターラビット2／バーナバスの誘惑3月24日(金)地上波初放送！ - 金曜ロードシネマクラブ,https://news.google.com/rss/articles/CBMiW0FVX3lxTE9USE16bDhicnl5dTRWSk9LNE9oTDV5UzJGMkp0YkhTMGNPMGdYcTlpOEE4eUJzdUE3RDhmLV9nNm9MbFV0TElpVVpuME5hRThsaTVYNFU4bVRCSDQ?oc=5&hl=en-US&gl=US&ceid=US:en,金曜ロードシネマクラブ,positive,0.999
"Thu, 02 Feb 2023 08:00:00 GMT",連続テレビ小説「舞いあがれ！」第86話。『みじょカフェ』にて。「ヤング釣りフェスタ」で島に来た人たちの様子を見る浦信吾（鈴木浩介・左）と木戸豪（哀川翔）（C）NHK - スポニチ Sponichi Annex,https://news.google.com/rss/articles/CBMilgFBVV95cUxQWDVBRGdTTWJnU2hKT193dW5CVEVKSnliZm0yNE1XblJuX01wWVpxY0JsdWFlQ2NLNHkwb3hFSzRISW1wY3lLNlVnZU1pUkRRQWFpSlNpSXpYaUhBdk1IeXBRV1lHM1Nmd2tUdXVHRWJGT2tEZGRFQ3pNbXVTV0ZSTl9WSDNrNVV4LUdZU3RiQjRXYTh0MkE?oc=5&hl=en-US&gl=US&ceid=US:en,スポニチ Sponichi Annex,positive,1.0
"Wed, 01 Feb 2023 08:00:00 GMT",RIKACO、長男・樹也と“お隣さん”哀川翔の長男・福地展成が共演で「人生は不思議だ」と感嘆！ 「Z世代頑張れ」 - All About ニュース,https://news.google.com/rss/articles/CBMiWEFVX3lxTE1iWElLUlM4Mk1hcEdSNWo3X1BNMmc3TzU4SEwwZ1hWWk8tQzdmdVJMSi0zTTlfRVNBUHVBN2p4Q0d6Mms0LVJQX2pmLTVLV21Nc19WYkJBN18?oc=5&hl=en-US&gl=US&ceid=US:en,All About ニュース,positive,1.0
"Wed, 01 Feb 2023 08:00:00 GMT",RIKACO、長男・樹也と“お隣さん”哀川翔の長男・福地展成が共演で「人生は不思議だ」と感嘆！ 「Z世代頑張れ」 - All About ニュース,https://news.google.com/rss/articles/CBMiYkFVX3lxTE1rTnlzOE51aU5tM19kVnY4X256a1NlYmVadmFydmEzUHdKV3lIdXZXXzNQdUd5RllSalVRUFdBeWFHMDFLS25EUXVRRmd1Um9xa1l5UEV6ZUdlWTlycGtkeEZR?oc=5&hl=en-US&gl=US&ceid=US:en,All About ニュース,positive,1.0
"Sat, 04 Feb 2023 08:00:00 GMT",RIKACOと渡部篤郎の亀裂を浮き立たせた「夫婦CM共演拒否」の決定打/壮絶「芸能スキャンダル会見」秘史 - アサ芸プラス,https://news.google.com/rss/articles/CBMiTkFVX3lxTE9SR0V3cVcyMjV5QVRMWXBwVGV1RWIzUmZEQ0Qtdy0tYU1LUVVJcXhadkp5OGVENUVIOWdhU3d2MGtfcmwxZEhWOWRJdTNNUQ?oc=5&hl=en-US&gl=US&ceid=US:en,アサ芸プラス,negative,0.999
