publisher,news_count,score_sum,score_mean,burst_news_count,burst_score_sum,burst_pv_sum,burst_days
010-sports.jp,1,0,0.0,0.0,0.0,0.0,0.0
2.5ジゲン!!,27,33,1.2222222222222223,4.0,8.0,11421.0,4.0
25ans,38,30,0.7894736842105263,3.0,4.0,28108.0,3.0
47news.jp,19,11,0.5789473684210527,1.0,-2.0,1824.0,1.0
4Gamer.net,98,129,1.316326530612245,5.0,12.0,33426.0,5.0
4years,4,-5,-1.25,0.0,0.0,0.0,0.0
@DIME アットダイム,8,11,1.375,0.0,0.0,0.0,0.0
AAB秋田朝日放送,1,1,1.0,0.0,0.0,0.0,0.0
ABA青森朝日放送,1,0,0.0,1.0,0.0,884.0,1.0
ABEMA TIMES,2522,1710,0.6780333068992863,299.0,248.0,1706365.0,131.0
ABS秋田放送,1,2,2.0,0.0,0.0,0.0,0.0
ACTRESS PRESS,146,177,1.2123287671232876,16.0,25.0,71603.0,14.0
ADF Web Magazine,1,0,0.0,0.0,0.0,0.0,0.0
AERA DIGITAL,296,204,0.6891891891891891,47.0,55.0,326557.0,41.0
AFPBB News,5,3,0.6,1.0,2.0,1823.0,1.0
ALBA Net,9,2,0.2222222222222222,2.0,1.0,6635.0,2.0
AMP[アンプ],2,3,1.5,0.0,0.0,0.0,0.0
ARGO（アルゴ）,1,0,0.0,0.0,0.0,0.0,0.0
ARTnews JAPAN,1,-1,-1.0,0.0,0.0,0.0,0.0
ARUHIマガジン,1,0,0.0,0.0,0.0,0.0,0.0
ASCII.jp,33,29,0.8787878787878788,3.0,1.0,11604.0,3.0
AUTOCAR JAPAN,1,0,0.0,0.0,0.0,0.0,0.0
AUTOMATON,8,7,0.875,0.0,0.0,0.0,0.0
AV Watch,28,27,0.9642857142857143,4.0,6.0,16499.0,4.0
About Amazon Japan,3,1,0.3333333333333333,0.0,0.0,0.0,0.0
About Netflix,28,48,1.7142857142857142,3.0,12.0,35886.0,3.0
AdverTimes.（アドタイ） by 宣伝会議,110,130,1.1818181818181819,9.0,15.0,72812.0,9.0
Agenda note,1,-1,-1.0,0.0,0.0,0.0,0.0
All About ニュース,2052,2598,1.2660818713450293,219.0,307.0,1638572.0,101.0
All About（オールアバウト）,25,19,0.76,4.0,4.0,16450.0,2.0
Ameba News [アメーバニュース],66,39,0.5909090909090909,7.0,4.0,18847.0,7.0
AnyMind Group,1,1,1.0,0.0,0.0,0.0,0.0
AppMedia,9,8,0.8888888888888888,0.0,0.0,0.0,0.0
Astage-アステージ,366,450,1.2295081967213115,42.0,52.0,271701.0,41.0
AuDee,207,91,0.4396135265700483,18.0,15.0,143137.0,14.0
Auto Messe Web,1,3,3.0,1.0,3.0,19858.0,1.0
Auto Prove,1,1,1.0,0.0,0.0,0.0,0.0
Aviation Wire,3,-1,-0.3333333333333333,0.0,0.0,0.0,0.0
BACKSIDE,2,4,2.0,0.0,0.0,0.0,0.0
BAILA,110,151,1.3727272727272728,14.0,18.0,123355.0,13.0
BARKS,89,53,0.5955056179775281,8.0,9.0,148423.0,7.0
BASEBALL KING,7,9,1.2857142857142858,3.0,5.0,16875.0,2.0
BBC,3,6,2.0,1.0,3.0,57752.0,1.0
BEATINK.COM,6,3,0.5,0.0,0.0,0.0,0.0
BIG UP!,2,3,1.5,0.0,0.0,0.0,0.0
BIGLOBEニュース,2,-1,-0.5,0.0,0.0,0.0,0.0
BLUE NOTE TOKYO,2,2,1.0,0.0,0.0,0.0,0.0
BOAT RACE オフィシャルウェブサイト,2,2,1.0,0.0,0.0,0.0,0.0
BOAT RACE振興会,16,6,0.375,1.0,0.0,3808.0,1.0
BOUTREVIEW,11,8,0.7272727272727273,1.0,1.0,1725.0,1.0
BS11,2,0,0.0,0.0,0.0,0.0,0.0
BS12,29,20,0.6896551724137931,2.0,1.0,2299.0,2.0
BSN新潟放送,3,1,0.3333333333333333,2.0,1.0,23209.0,2.0
BSフジ,75,87,1.16,9.0,5.0,23211.0,7.0
BS朝日,62,59,0.9516129032258065,6.0,8.0,18064.0,6.0
BURRN! ONLINE,4,0,0.0,0.0,0.0,0.0,0.0
BUSHOO!JAPAN（武将ジャパン）,2,1,0.5,0.0,0.0,0.0,0.0
Basket Count,1,5,5.0,0.0,0.0,0.0,0.0
Billboard JAPAN,1233,1270,1.030008110300081,134.0,175.0,1793634.0,84.0
Binance,1,0,0.0,0.0,0.0,0.0,0.0
BitStar Agent,3,2,0.6666666666666666,0.0,0.0,0.0,0.0
Biz Life Style,6,9,1.5,1.0,2.0,2478.0,1.0
Bloomberg.co.jp,2,-3,-1.5,0.0,0.0,0.0,0.0
Book Bang,34,46,1.3529411764705883,5.0,8.0,88669.0,4.0
Boom App Games,4,2,0.5,0.0,0.0,0.0,0.0
Boxing News（ボクシングニュース）,2,0,0.0,0.0,0.0,0.0,0.0
Brand New Creativity,3,2,0.6666666666666666,0.0,0.0,0.0,0.0
Brillia SHORTSHORTS THEATER ONLINE,1,-1,-1.0,0.0,0.0,0.0,0.0
Business Insider Japan,3,0,0.0,0.0,0.0,0.0,0.0
Buzz Plus News,4,10,2.5,0.0,0.0,0.0,0.0
BuzzFeed,342,328,0.9590643274853801,30.0,32.0,201884.0,29.0
CAMPFIRE (キャンプファイヤー),1,2,2.0,0.0,0.0,0.0,0.0
CD Journal,99,117,1.1818181818181819,3.0,7.0,10974.0,3.0
CGTN Japanese,1,1,1.0,0.0,0.0,0.0,0.0
CGWORLD.jp,4,5,1.25,0.0,0.0,0.0,0.0
CHANTO WEB,83,84,1.0120481927710843,43.0,57.0,129530.0,15.0
CINE QUINTO,3,-1,-0.3333333333333333,0.0,0.0,0.0,0.0
CINEMA FACTORY,64,94,1.46875,7.0,6.0,29187.0,6.0
CINEMAS＋,406,381,0.9384236453201971,34.0,42.0,446541.0,26.0
CINRA,195,336,1.7230769230769232,24.0,51.0,162821.0,19.0
CNET Japan,3,-1,-0.3333333333333333,0.0,0.0,0.0,0.0
CNN,4,-2,-0.5,1.0,-2.0,4819.0,1.0
CREATIVE VILLAGE,1,-1,-1.0,0.0,0.0,0.0,0.0
CREATIVEMAN PRODUCTIONS,1,3,3.0,0.0,0.0,0.0,0.0
Car Watch,16,18,1.125,2.0,3.0,11559.0,2.0
CareNet.com,1,0,0.0,0.0,0.0,0.0,0.0
Casa BRUTUS,11,13,1.1818181818181819,0.0,0.0,0.0,0.0
Cat Press,2,3,1.5,0.0,0.0,0.0,0.0
Cento Cuore HARIMA,1,2,2.0,0.0,0.0,0.0,0.0
Ciatr,109,54,0.4954128440366973,15.0,5.0,94311.0,11.0
CinemaGene,37,57,1.5405405405405406,1.0,3.0,20228.0,1.0
Clubberia,1,-1,-1.0,0.0,0.0,0.0,0.0
Coca-Cola.com,4,4,1.0,0.0,0.0,0.0,0.0
CreatorZine,1,1,1.0,0.0,0.0,0.0,0.0
CyberZ,2,2,1.0,0.0,0.0,0.0,0.0
D.League,1,0,0.0,0.0,0.0,0.0,0.0
DAZN Group,1,1,1.0,0.0,0.0,0.0,0.0
DG Lab Haus,1,0,0.0,0.0,0.0,0.0,0.0
DIVERSITY IN THE ARTS TODAY,1,1,1.0,0.0,0.0,0.0,0.0
DMM Group,6,9,1.5,0.0,0.0,0.0,0.0
DMM inside,1,2,2.0,0.0,0.0,0.0,0.0
DMMぱちタウン,1,0,0.0,0.0,0.0,0.0,0.0
DREAMS COME TRUE,1,1,1.0,0.0,0.0,0.0,0.0
Danmee ダンミ,3,2,0.6666666666666666,0.0,0.0,0.0,0.0
Dead by Daylight,3,2,0.6666666666666666,0.0,0.0,0.0,0.0
Deview,98,52,0.5306122448979592,9.0,3.0,26750.0,9.0
Digital Life Innovator,2,4,2.0,0.0,0.0,0.0,0.0
Digital PR Platform,21,24,1.1428571428571428,5.0,6.0,59514.0,5.0
Disney.jp,4,8,2.0,1.0,0.0,10650.0,1.0
Dtimes,83,108,1.3012048192771084,5.0,11.0,21266.0,5.0
EE Times Japan,1,0,0.0,0.0,0.0,0.0,0.0
ELEMINIST,5,5,1.0,0.0,0.0,0.0,0.0
ELLE,98,146,1.489795918367347,7.0,17.0,208602.0,7.0
ELLEgirl,21,20,0.9523809523809523,3.0,3.0,33969.0,3.0
ENCOUNT,2295,1928,0.840087145969499,450.0,448.0,5686004.0,167.0
ENGINE Web,1,0,0.0,0.0,0.0,0.0,0.0
ENTAME next,214,184,0.8598130841121495,27.0,35.0,123873.0,20.0
EVsmartブログ,1,0,0.0,0.0,0.0,0.0,0.0
EXILE TRIBE mobile,94,143,1.5212765957446808,10.0,14.0,50486.0,10.0
EYESCREAM,11,7,0.6363636363636364,1.0,0.0,822.0,1.0
EdTechZine（エドテックジン）,1,0,0.0,0.0,0.0,0.0,0.0
Esports Charts,1,0,0.0,0.0,0.0,0.0,0.0
Esquire,25,40,1.6,2.0,4.0,60847.0,2.0
Excite エキサイト,2081,1207,0.5800096107640558,247.0,180.0,2528631.0,130.0
Excuse Me Dallas,1,0,0.0,0.0,0.0,0.0,0.0
F1-Gate.com,4,4,1.0,0.0,0.0,0.0,0.0
FASHION HEADLINE,1,2,2.0,0.0,0.0,0.0,0.0
FBS福岡放送,3,3,1.0,1.0,-1.0,5092.0,1.0
FC東京,1,2,2.0,0.0,0.0,0.0,0.0
FC町田ゼルビア オフィシャルサイト,5,7,1.4,0.0,0.0,0.0,0.0
FILMAGA,177,139,0.7853107344632768,14.0,17.0,71093.0,13.0
FITNESS LOVE,6,2,0.3333333333333333,0.0,0.0,0.0,0.0
FM COCOLO,1,1,1.0,0.0,0.0,0.0,0.0
FM大阪,4,4,1.0,1.0,0.0,8542.0,1.0
FNMNL,5,6,1.2,1.0,1.0,12162.0,1.0
FNNプライムオンライン,153,137,0.8954248366013072,18.0,25.0,271559.0,15.0
FOOTBALL ZONE,9,18,2.0,2.0,6.0,14902.0,2.0
FORZA STYLE,153,194,1.2679738562091503,11.0,19.0,125587.0,11.0
FRIDAYデジタル,556,-140,-0.2517985611510791,87.0,-98.0,1419418.0,40.0
FUDGE.jp,4,-1,-0.25,0.0,0.0,0.0,0.0
FYTTE,6,9,1.5,4.0,8.0,9899.0,4.0
Fan's Voice,119,169,1.4201680672268908,9.0,16.0,57557.0,9.0
Fanplus,3,4,1.3333333333333333,0.0,0.0,0.0,0.0
Fany Magazine,614,566,0.9218241042345277,70.0,69.0,419420.0,51.0
Febri,1,0,0.0,0.0,0.0,0.0,0.0
FenderNews,6,5,0.8333333333333334,0.0,0.0,0.0,0.0
Festival Life,9,10,1.1111111111111112,0.0,0.0,0.0,0.0
FlyTeam,3,4,1.3333333333333333,3.0,6.0,25170.0,3.0
Football Tribe,3,-1,-0.3333333333333333,0.0,0.0,0.0,0.0
Forbes JAPAN,11,15,1.3636363636363635,2.0,4.0,6417.0,2.0
Fujifilm [Global],2,2,1.0,0.0,0.0,0.0,0.0
Fun! J:COM,4,6,1.5,0.0,0.0,0.0,0.0
Funeco,1,3,3.0,0.0,0.0,0.0,0.0
GAME Watch,28,45,1.6071428571428572,4.0,11.0,29371.0,4.0
GDOゴルフニュース,2,1,0.5,0.0,0.0,0.0,0.0
GENIC KOBE,2,4,2.0,0.0,0.0,0.0,0.0
GIGAZINE,9,8,0.8888888888888888,1.0,2.0,60887.0,1.0
GLAFAS,6,9,1.5,1.0,1.0,2379.0,1.0
GLAY公式サイト,5,-1,-0.2,1.0,0.0,3032.0,1.0
GMOインターネットグループ株式会社,1,1,1.0,0.0,0.0,0.0,0.0
GOETHE[ゲーテ],86,107,1.244186046511628,7.0,8.0,82166.0,6.0
GQ Japan,94,144,1.5319148936170213,10.0,14.0,90532.0,7.0
GUNDAM.INFO,2,4,2.0,0.0,0.0,0.0,0.0
Game*Spark,19,20,1.0526315789473684,1.0,1.0,2984.0,1.0
GameBusiness.jp,1,2,2.0,0.0,0.0,0.0,0.0
GameWith,16,-5,-0.3125,0.0,0.0,0.0,0.0
Gamer,15,19,1.2666666666666666,0.0,0.0,0.0,0.0
Gateway to Russia,1,-1,-1.0,0.0,0.0,0.0,0.0
Genius,3,1,0.3333333333333333,0.0,0.0,0.0,0.0
GetNavi web,123,97,0.7886178861788617,5.0,5.0,39801.0,5.0
Gourmet Biz-グルメビズ,3,3,1.0,0.0,0.0,0.0,0.0
Go株式会社,4,3,0.75,0.0,0.0,0.0,0.0
Green Card ニュース,13,8,0.6153846153846154,0.0,0.0,0.0,0.0
Gressive,6,5,0.8333333333333334,2.0,2.0,8518.0,1.0
HALF TIMEマガジン,1,1,1.0,0.0,0.0,0.0,0.0
HEDGE GUIDE,1,-1,-1.0,0.0,0.0,0.0,0.0
HONZ,2,1,0.5,1.0,0.0,14362.0,1.0
HOTERES Online,1,-5,-5.0,0.0,0.0,0.0,0.0
HTB 北海道テレビ,19,35,1.8421052631578947,3.0,4.0,5482.0,2.0
Happinet Phantom Studios,17,15,0.8823529411764706,3.0,2.0,27633.0,3.0
Harper's BAZAAR,24,34,1.4166666666666667,4.0,5.0,35114.0,4.0
Hint-Pot,35,31,0.8857142857142857,7.0,10.0,118606.0,6.0
Hobby JAPAN Web,2,4,2.0,0.0,0.0,0.0,0.0
Hodinkee Japan,3,3,1.0,0.0,0.0,0.0,0.0
Hoitto! ヘルスケアビジネス,3,4,1.3333333333333333,1.0,2.0,2158.0,1.0
Hulu,55,67,1.2181818181818183,6.0,15.0,46585.0,6.0
Hwaiting（ファイティン）,2,1,0.5,1.0,-1.0,3857.0,1.0
ICT教育ニュース,4,4,1.0,0.0,0.0,0.0,0.0
IDEAS FOR GOOD,1,0,0.0,0.0,0.0,0.0,0.0
IGN Japan,14,13,0.9285714285714286,0.0,0.0,0.0,0.0
IGNITE（イグナイト）,16,28,1.75,2.0,4.0,41753.0,2.0
INAC神戸 レオネッサ,1,0,0.0,0.0,0.0,0.0,0.0
INTERNET Watch,2,1,0.5,0.0,0.0,0.0,0.0
ISUTA,6,8,1.3333333333333333,1.0,1.0,12015.0,1.0
ITmedia,113,71,0.6283185840707964,10.0,1.0,474801.0,9.0
Impress Watch,9,5,0.5555555555555556,1.0,-1.0,759.0,1.0
InterFM,16,11,0.6875,0.0,0.0,0.0,0.0
J SPORTSコラム,7,5,0.7142857142857143,0.0,0.0,0.0,0.0
J-CAST ニュース,267,-85,-0.31835205992509363,37.0,4.0,862064.0,32.0
J-WAVE NEWS,91,68,0.7472527472527473,6.0,1.0,16935.0,5.0
JAF Mate Online,15,12,0.8,1.0,2.0,8600.0,1.0
JAcom 農業協同組合新聞,13,14,1.0769230769230769,1.0,1.0,2488.0,1.0
JBpress,28,-1,-0.03571428571428571,4.0,-3.0,75915.0,4.0
JCP TOKYO,1,0,0.0,0.0,0.0,0.0,0.0
JMAG NEWS,1,1,1.0,0.0,0.0,0.0,0.0
JO1 OFFICIAL SITE,34,93,2.735294117647059,4.0,8.0,66885.0,4.0
JOYSOUND 音楽ニュース,375,168,0.448,45.0,24.0,293013.0,31.0
JTウェブサイト,1,-1,-1.0,0.0,0.0,0.0,0.0
JUNON TV,22,29,1.3181818181818181,2.0,5.0,24125.0,2.0
Japaaan,21,18,0.8571428571428571,2.0,4.0,34355.0,2.0
Jnews1,14,16,1.1428571428571428,0.0,0.0,0.0,0.0
Jタウンネット,1,-1,-1.0,0.0,0.0,0.0,0.0
K-PLAZA,9,13,1.4444444444444444,1.0,2.0,5680.0,1.0
KAB 熊本朝日放送,1,0,0.0,0.0,0.0,0.0,0.0
KADOKAWAオフィシャルサイト,10,19,1.9,0.0,0.0,0.0,0.0
KADOKAWAグループ ポータルサイト,9,14,1.5555555555555556,0.0,0.0,0.0,0.0
KAI-YOU,69,59,0.855072463768116,9.0,17.0,86644.0,7.0
KBC九州朝日放送,6,1,0.16666666666666666,0.0,0.0,0.0,0.0
KBS World,1,0,0.0,0.0,0.0,0.0,0.0
KBS京都,2,0,0.0,0.0,0.0,0.0,0.0
KING GEAR,1,3,3.0,1.0,3.0,27213.0,1.0
KKT熊本県民テレビ,1,3,3.0,0.0,0.0,0.0,0.0
KONAMI GROUP CORPORATION,1,2,2.0,0.0,0.0,0.0,0.0
KOZOクリエイターズ,2,-1,-0.5,0.0,0.0,0.0,0.0
KPOP monster,13,17,1.3076923076923077,0.0,0.0,0.0,0.0
KSBニュース,9,10,1.1111111111111112,0.0,0.0,0.0,0.0
KSB瀬戸内海放送,1,1,1.0,0.0,0.0,0.0,0.0
Kindai Picks,1,2,2.0,0.0,0.0,0.0,0.0
Kiss PRESS(キッスプレス),3,5,1.6666666666666667,0.0,0.0,0.0,0.0
Komachi Web,2,5,2.5,0.0,0.0,0.0,0.0
Konica Minolta,1,2,2.0,0.0,0.0,0.0,0.0
Kstyle,83,86,1.036144578313253,8.0,16.0,38228.0,6.0
LASISA,11,23,2.090909090909091,0.0,0.0,0.0,0.0
LAWSON,2,2,1.0,0.0,0.0,0.0,0.0
LIFULL STORIES,4,5,1.25,0.0,0.0,0.0,0.0
LIGARE（リガーレ）,1,-1,-1.0,0.0,0.0,0.0,0.0
LIMO | くらしとお金の経済メディア,3,2,0.6666666666666666,0.0,0.0,0.0,0.0
LINE NEWS,188,45,0.2393617021276596,21.0,13.0,476359.0,19.0
LIVE VIEWING JAPAN,1,0,0.0,0.0,0.0,0.0,0.0
LIVERARY,7,5,0.7142857142857143,1.0,3.0,48999.0,1.0
LOG OITA,2,4,2.0,0.0,0.0,0.0,0.0
LOOK 静岡朝日テレビ,2,2,1.0,0.0,0.0,0.0,0.0
Leaf KYOTO,22,11,0.5,1.0,2.0,3628.0,1.0
Ledger,1,0,0.0,0.0,0.0,0.0,0.0
Letem světem Applem,1,0,0.0,0.0,0.0,0.0,0.0
Lmaga.jp,429,372,0.8671328671328671,72.0,74.0,1218313.0,56.0
M.LEAGUE,1,2,2.0,0.0,0.0,0.0,0.0
MANTAN WEB,4496,3822,0.8500889679715302,1006.0,1195.0,10095212.0,201.0
MAQUIA ONLINE,131,215,1.6412213740458015,11.0,16.0,79670.0,10.0
MAiDiGiTV,141,114,0.8085106382978723,11.0,12.0,143399.0,11.0
MBS 毎日放送,146,115,0.7876712328767124,14.0,16.0,97098.0,10.0
MEN'S NON-NO WEB,276,381,1.3804347826086956,23.0,33.0,240924.0,21.0
MENT RECORDING,1,2,2.0,0.0,0.0,0.0,0.0
MLB Japan,1,1,1.0,0.0,0.0,0.0,0.0
MMAPLANET,4,4,1.0,1.0,1.0,3992.0,1.0
MOTA,2,4,2.0,0.0,0.0,0.0,0.0
MOVIE WALKER PRESS,755,1016,1.3456953642384106,101.0,128.0,1200259.0,65.0
MUSIC LIFE CLUB,8,3,0.375,0.0,0.0,0.0,0.0
MarkeZine,1,1,1.0,0.0,0.0,0.0,0.0
Mastered,2,2,1.0,0.0,0.0,0.0,0.0
Merkmal,5,0,0.0,0.0,0.0,0.0,0.0
Middle Edge,172,-64,-0.37209302325581395,9.0,-3.0,22751.0,9.0
Mikiki by TOWER RECORDS,69,-18,-0.2608695652173913,5.0,3.0,51848.0,5.0
"Mitsubishi Heavy Industries, Ltd.",1,2,2.0,2.0,4.0,21394.0,2.0
Mogura VR,8,8,1.0,0.0,0.0,0.0,0.0
Monthly Puroresu,1,-1,-1.0,0.0,0.0,0.0,0.0
More CADENCE,8,-6,-0.75,0.0,0.0,0.0,0.0
MusicVoice,500,391,0.782,66.0,65.0,520903.0,49.0
Myハワイ歩き方,1,0,0.0,0.0,0.0,0.0,0.0
M＆A Online,5,5,1.0,2.0,5.0,23988.0,2.0
"NAKED, INC. | 株式会社ネイキッド",1,0,0.0,0.0,0.0,0.0,0.0
NB Press Online,170,199,1.1705882352941177,19.0,22.0,137899.0,17.0
NBA Rakuten,1,2,2.0,0.0,0.0,0.0,0.0
NBC長崎放送,4,0,0.0,0.0,0.0,0.0,0.0
NEWSつくば,1,-1,-1.0,0.0,0.0,0.0,0.0
NEWSポストセブン,976,122,0.125,133.0,-2.0,2361882.0,81.0
NEXCO 東日本,1,2,2.0,0.0,0.0,0.0,0.0
NHK,178,158,0.8876404494382022,47.0,65.0,905240.0,37.0
NHK出版デジタルマガジン,11,10,0.9090909090909091,2.0,3.0,5912.0,2.0
NIHONMONO,1,1,1.0,0.0,0.0,0.0,0.0
NIKKEIリスキリング,3,4,1.3333333333333333,0.0,0.0,0.0,0.0
NME Japan,6,5,0.8333333333333334,1.0,-1.0,1487.0,1.0
NTT,1,0,0.0,0.0,0.0,0.0,0.0
NTT Data,1,0,0.0,0.0,0.0,0.0,0.0
NTTコミュニケーションズ,1,1,1.0,0.0,0.0,0.0,0.0
NTTソルマーレ株式会社,3,2,0.6666666666666666,1.0,1.0,3748.0,1.0
NYLON JAPAN,34,50,1.4705882352941178,5.0,7.0,31704.0,5.0
New's vision,35,-62,-1.7714285714285714,0.0,0.0,0.0,0.0
NewsTV,5,4,0.8,0.0,0.0,0.0,0.0
Newsroom | TikTok,1,2,2.0,0.0,0.0,0.0,0.0
Next Funds,1,1,1.0,0.0,0.0,0.0,0.0
Nileport,1,2,2.0,0.0,0.0,0.0,0.0
Nintendo DREAM WEB,3,-1,-0.3333333333333333,0.0,0.0,0.0,0.0
Number Web,162,80,0.49382716049382713,12.0,7.0,34199.0,7.0
Numero TOKYO,48,85,1.7708333333333333,5.0,9.0,38953.0,4.0
OCEANS オーシャンズ,26,24,0.9230769230769231,2.0,2.0,12248.0,2.0
OHK 岡山放送,2,4,2.0,0.0,0.0,0.0,0.0
OK! JAPAN,1,-1,-1.0,0.0,0.0,0.0,0.0
OMOHARAREAL,1,1,1.0,0.0,0.0,0.0,0.0
OPPOラボ,1,-1,-1.0,0.0,0.0,0.0,0.0
OREFOLDER,1,0,0.0,0.0,0.0,0.0,0.0
ORICON,6077,7555,1.2432121112390981,1304.0,1687.0,11400235.0,207.0
OTONA SALONE,1,0,0.0,0.0,0.0,0.0,0.0
OTOTOY,83,95,1.144578313253012,11.0,11.0,90421.0,10.0
OTV 沖縄テレビ放送,16,3,0.1875,0.0,0.0,0.0,0.0
Olympics.com,17,22,1.2941176470588236,3.0,3.0,27654.0,3.0
One Point Zero Two｜1.02,1,-1,-1.0,0.0,0.0,0.0,0.0
Oui Speak Fashion,1,2,2.0,0.0,0.0,0.0,0.0
PARCO STAGE,1,1,1.0,1.0,1.0,37768.0,1.0
PASH! PLUS,11,26,2.3636363636363638,2.0,6.0,12890.0,2.0
PC Watch,2,1,0.5,0.0,0.0,0.0,0.0
PHILE WEB,33,66,2.0,3.0,13.0,81177.0,3.0
PHPオンライン,1,2,2.0,0.0,0.0,0.0,0.0
PINTSCOPE,22,14,0.6363636363636364,1.0,0.0,5678.0,1.0
PONY CANYON NEWS,28,24,0.8571428571428571,3.0,6.0,34724.0,3.0
PR EDGE,20,16,0.8,0.0,0.0,0.0,0.0
PR TIMES,3387,3465,1.0230292294065544,236.0,268.0,1595493.0,122.0
PRESIDENT Online（プレジデントオンライン）,45,-27,-0.6,7.0,-5.0,60041.0,7.0
PRO-WRESTLING NOAH OFFICIAL SITE,1,-1,-1.0,0.0,0.0,0.0,0.0
PUNKLOID,1,0,0.0,0.0,0.0,0.0,0.0
Paddock GP,1,0,0.0,0.0,0.0,0.0,0.0
Pen Online,72,85,1.1805555555555556,5.0,4.0,32652.0,5.0
Pinterest Newsroom,2,4,2.0,1.0,2.0,4262.0,1.0
PlayStation.Blog 日本語,2,0,0.0,0.0,0.0,0.0,0.0
Pokemon Go,3,5,1.6666666666666667,0.0,0.0,0.0,0.0
Pop'n'Roll,94,123,1.3085106382978724,7.0,12.0,33076.0,7.0
Pouch［ポーチ］,87,97,1.1149425287356323,9.0,8.0,247653.0,7.0
Precious.jp,77,105,1.3636363636363635,4.0,4.0,80858.0,4.0
PrettyOnline,3,5,1.6666666666666667,0.0,0.0,0.0,0.0
QAB 琉球朝日放送,3,2,0.6666666666666666,0.0,0.0,0.0,0.0
QJWeb クイック・ジャパン ウェブ,166,130,0.7831325301204819,12.0,6.0,43294.0,10.0
Qetic,50,68,1.36,5.0,13.0,34679.0,5.0
Qobuz,1,2,2.0,0.0,0.0,0.0,0.0
Qoly,3,-1,-0.3333333333333333,3.0,1.0,24271.0,3.0
QueerPlusUp,7,5,0.7142857142857143,0.0,0.0,0.0,0.0
RBB TODAY,646,311,0.48142414860681115,132.0,100.0,1534440.0,82.0
REVISIO株式会社,2,3,1.5,0.0,0.0,0.0,0.0
RIZIN,1,1,1.0,0.0,0.0,0.0,0.0
RKB毎日放送,24,19,0.7916666666666666,1.0,2.0,10127.0,1.0
RKC高知放送,3,0,0.0,0.0,0.0,0.0,0.0
ROOMIE（ルーミー）,1,1,1.0,0.0,0.0,0.0,0.0
RUNNET,2,1,0.5,0.0,0.0,0.0,0.0
Rafu Shimpo,1,1,1.0,0.0,0.0,0.0,0.0
Re:minder,121,14,0.11570247933884298,14.0,21.0,107124.0,13.0
Real Sound｜リアルサウンド,1482,1444,0.9743589743589743,247.0,288.0,2471523.0,123.0
Record China,7,8,1.1428571428571428,2.0,4.0,13658.0,2.0
ResOU,1,0,0.0,0.0,0.0,0.0,0.0
Reuters,1,2,2.0,0.0,0.0,0.0,0.0
Rolling Stone Japan(ローリングストーン ジャパン）,36,1,0.027777777777777776,4.0,3.0,14957.0,3.0
SAPIENS TODAY｜サピエンストゥデイ,1,0,0.0,0.0,0.0,0.0,0.0
SASARU,4,3,0.75,0.0,0.0,0.0,0.0
SCRAMBLE（スクランブル）,1,1,1.0,0.0,0.0,0.0,0.0
SDGs fan,4,4,1.0,0.0,0.0,0.0,0.0
SNOOPY.co.jp,1,0,0.0,0.0,0.0,0.0,0.0
SODANE,73,92,1.2602739726027397,5.0,6.0,28011.0,5.0
SPAIA,2,2,1.0,0.0,0.0,0.0,0.0
SPICE（スパイス）,1418,1473,1.038787023977433,100.0,150.0,874143.0,78.0
SPUR（シュプール）,29,49,1.6896551724137931,1.0,-1.0,1929.0,1.0
STRAIGHT PRESS,14,16,1.1428571428571428,0.0,0.0,0.0,0.0
STUDY HACKER,1,2,2.0,0.0,0.0,0.0,0.0
SUUMO,9,6,0.6666666666666666,0.0,0.0,0.0,0.0
SYNCHRONOUS シンクロナス,1,-1,-1.0,1.0,-1.0,3887.0,1.0
SYNODOS,1,2,2.0,0.0,0.0,0.0,0.0
Saiga NAK,16,17,1.0625,1.0,0.0,1491.0,1.0
Sansan株式会社,1,0,0.0,0.0,0.0,0.0,0.0
Sensor Tower,1,-1,-1.0,0.0,0.0,0.0,0.0
Sirabee,718,124,0.17270194986072424,109.0,42.0,1268057.0,49.0
Sony,1,1,1.0,0.0,0.0,0.0,0.0
SoundZoo,4,4,1.0,0.0,0.0,0.0,0.0
South65,2,1,0.5,0.0,0.0,0.0,0.0
Spincoaster（スピンコースター）,46,28,0.6086956521739131,1.0,1.0,6336.0,1.0
Square Enix,1,0,0.0,0.0,0.0,0.0,0.0
Stereo Sound ONLINE,21,25,1.1904761904761905,1.0,1.0,8487.0,1.0
TABI LABO,2,2,1.0,0.0,0.0,0.0,0.0
TABIZINE,1,2,2.0,0.0,0.0,0.0,0.0
TBS NEWS DIG,217,189,0.8709677419354839,43.0,58.0,1801884.0,36.0
TBSラジオ,28,14,0.5,4.0,0.0,11728.0,4.0
TECTURE MAG,3,4,1.3333333333333333,0.0,0.0,0.0,0.0
THE ANSWER,106,167,1.5754716981132075,13.0,23.0,170121.0,9.0
THE DIGEST,55,73,1.3272727272727274,1.0,1.0,1268.0,1.0
THE FIRST TIMES,1031,1458,1.414161008729389,128.0,184.0,1437664.0,88.0
THE OWNER,1,1,1.0,0.0,0.0,0.0,0.0
THEATER GIRL,97,136,1.402061855670103,10.0,16.0,34668.0,9.0
TNC テレビ西日本,9,8,0.8888888888888888,1.0,1.0,2285.0,1.0
TOCpress,1,2,2.0,0.0,0.0,0.0,0.0
TOKYO FM,194,103,0.5309278350515464,28.0,14.0,185870.0,25.0
TOKYO FM＋,34,15,0.4411764705882353,2.0,-1.0,5560.0,1.0
TOKYO FRONT LINE,1,2,2.0,0.0,0.0,0.0,0.0
TOKYO MX,40,52,1.3,5.0,9.0,14341.0,3.0
TOKYO POP LINE,3,1,0.3333333333333333,0.0,0.0,0.0,0.0
TORSO JACK,3,4,1.3333333333333333,0.0,0.0,0.0,0.0
TORSO JACK(トルソージャック),2,3,1.5,0.0,0.0,0.0,0.0
TRAICY（トライシー）,5,7,1.4,0.0,0.0,0.0,0.0
TSB マイチャン。テレビ信州,1,0,0.0,0.0,0.0,0.0,0.0
TSC テレビせとうち,2,1,0.5,1.0,0.0,4202.0,1.0
TSUTAYA,6,6,1.0,1.0,2.0,6666.0,1.0
TV Bros. WEB,75,50,0.6666666666666666,13.0,8.0,77973.0,12.0
TV LIFE web,476,499,1.0483193277310925,115.0,130.0,846770.0,72.0
TVO テレビ大阪,254,128,0.5039370078740157,38.0,31.0,142958.0,29.0
TVer,11,4,0.36363636363636365,1.0,0.0,1673.0,1.0
TVガイドWeb,2066,2565,1.2415295256534367,306.0,430.0,2264684.0,146.0
Techinsight Japan,20,6,0.3,3.0,5.0,10401.0,3.0
The Fashion Post,23,30,1.3043478260869565,1.0,3.0,10156.0,1.0
The Liberty Web,1,-2,-2.0,0.0,0.0,0.0,0.0
The Players' Tribune,1,2,2.0,0.0,0.0,0.0,0.0
Time Out Tokyo,19,19,1.0,1.0,1.0,1476.0,1.0
Togetter,150,50,0.3333333333333333,22.0,2.0,321183.0,20.0
Tokyo Art Beat,2,2,1.0,0.0,0.0,0.0,0.0
Tokyo Auto Salon,1,2,2.0,0.0,0.0,0.0,0.0
Trading Card Journal,2,8,4.0,0.0,0.0,0.0,0.0
Trend Micro,1,0,0.0,0.0,0.0,0.0,0.0
TrySail Portal Square,2,2,1.0,0.0,0.0,0.0,0.0
U-NEXT コーポレート,16,21,1.3125,0.0,0.0,0.0,0.0
UHB 北海道文化放送,3,4,1.3333333333333333,0.0,0.0,0.0,0.0
UMKテレビ宮崎,5,5,1.0,1.0,1.0,24036.0,1.0
UNIVERSAL MUSIC JAPAN,63,67,1.0634920634920635,7.0,15.0,101346.0,7.0
UOMO,18,20,1.1111111111111112,0.0,0.0,0.0,0.0
USEN,9,6,0.6666666666666666,1.0,0.0,2564.0,1.0
UUUM株式会社,10,21,2.1,0.0,0.0,0.0,0.0
UtaTen,1200,1571,1.3091666666666666,125.0,166.0,1356568.0,83.0
VAGUE(ヴァーグ),1,1,1.0,0.0,0.0,0.0,0.0
VOCE,206,258,1.2524271844660195,12.0,18.0,66046.0,9.0
VOCO News,1,-4,-4.0,0.0,0.0,0.0,0.0
VOI.ID,3,-4,-1.3333333333333333,0.0,0.0,0.0,0.0
ValuePress!,7,6,0.8571428571428571,0.0,0.0,0.0,0.0
Vogue Japan,67,105,1.5671641791044777,6.0,13.0,70242.0,6.0
WAVAL,1,2,2.0,0.0,0.0,0.0,0.0
WEB CARTOP,5,-1,-0.2,1.0,-1.0,1392.0,1.0
WEBザテレビジョン,2032,1718,0.8454724409448819,314.0,295.0,2218801.0,147.0
WEBニッポン消費者新聞,1,0,0.0,0.0,0.0,0.0,0.0
WEGO ONLINE STORE,3,1,0.3333333333333333,0.0,0.0,0.0,0.0
WIRED.jp,4,2,0.5,0.0,0.0,0.0,0.0
WOWOW,7,4,0.5714285714285714,0.0,0.0,0.0,0.0
WWDJAPAN,94,119,1.2659574468085106,7.0,11.0,110693.0,7.0
WWSチャンネル,162,162,1.0,24.0,20.0,124025.0,20.0
Web Magazine OPENERS,1,1,1.0,0.0,0.0,0.0,0.0
Web-Komachi,2,4,2.0,0.0,0.0,0.0,0.0
WebNewtype,3,4,1.3333333333333333,1.0,2.0,7059.0,1.0
Webikeプラス,2,1,0.5,0.0,0.0,0.0,0.0
Webタウン情報おかやま,4,3,0.75,0.0,0.0,0.0,0.0
Wedge ONLINE,11,11,1.0,0.0,0.0,0.0,0.0
Women's Health,2,1,0.5,1.0,1.0,23418.0,1.0
World Baseball Softball Confederation - wbsc,2,4,2.0,0.0,0.0,0.0,0.0
World-Architects,1,0,0.0,0.0,0.0,0.0,0.0
YBS山梨放送,1,-1,-1.0,0.0,0.0,0.0,0.0
YOUTH TIME JAPAN project web,78,127,1.6282051282051282,5.0,7.0,30472.0,5.0
YOUよっかいち,25,-5,-0.2,0.0,0.0,0.0,0.0
Yahoo!ニュース,366,293,0.8005464480874317,43.0,32.0,434591.0,34.0
ZAKZAK,11,5,0.45454545454545453,0.0,0.0,0.0,0.0
ZDNET Japan,1,0,0.0,0.0,0.0,0.0,0.0
abn 長野朝日放送,2,-1,-0.5,0.0,0.0,0.0,0.0
agrinews.co.jp,3,8,2.6666666666666665,0.0,0.0,0.0,0.0
alco-uj.com,4,5,1.25,0.0,0.0,0.0,0.0
allnightnippon.com,68,31,0.45588235294117646,3.0,7.0,19402.0,3.0
alterna.co.jp,2,1,0.5,0.0,0.0,0.0,0.0
ameblo.jp,13,8,0.6153846153846154,1.0,1.0,4329.0,1.0
amusement-japan.co.jp,3,0,0.0,2.0,-1.0,1871.0,2.0
anahd.co.jp,1,3,3.0,0.0,0.0,0.0,0.0
ananweb,94,121,1.2872340425531914,11.0,15.0,58176.0,9.0
anemo（アネモ）,103,148,1.4368932038834952,14.0,23.0,252645.0,13.0
anna（アンナ）,8,1,0.125,1.0,2.0,13125.0,1.0
aoi-pro.com,21,19,0.9047619047619048,0.0,0.0,0.0,0.0
appbank.net,130,129,0.9923076923076923,6.0,9.0,35040.0,6.0
arabnews.jp,4,5,1.25,3.0,2.0,14108.0,3.0
arban-mag.com,2,2,1.0,0.0,0.0,0.0,0.0
as-elfen.co.jp,1,1,1.0,0.0,0.0,0.0,0.0
asagei.biz,134,-150,-1.1194029850746268,14.0,-25.0,185743.0,14.0
asageiMUSE,164,-51,-0.31097560975609756,12.0,-11.0,160899.0,11.0
asatan.com,6,-2,-0.3333333333333333,0.0,0.0,0.0,0.0
at-living.press,1,2,2.0,0.0,0.0,0.0,0.0
at-s.com,27,-5,-0.18518518518518517,6.0,0.0,10493.0,6.0
ath-v.com,1,1,1.0,0.0,0.0,0.0,0.0
au Webポータル,328,-28,-0.08536585365853659,34.0,-2.0,397186.0,30.0
autobacs.co.jp,1,2,2.0,0.0,0.0,0.0,0.0
autosport web,2,1,0.5,0.0,0.0,0.0,0.0
axismag.jp,1,0,0.0,0.0,0.0,0.0,0.0
baby-babys.com,1,-1,-1.0,0.0,0.0,0.0,0.0
banger.jp,93,131,1.4086021505376345,14.0,19.0,212077.0,11.0
bb-navi.com,539,366,0.6790352504638218,37.0,26.0,267447.0,28.0
bcnretail.com,10,11,1.1,1.0,2.0,21254.0,1.0
bengo4.com,7,-12,-1.7142857142857142,1.0,-1.0,6169.0,1.0
bestcarweb.jp,7,-5,-0.7142857142857143,0.0,0.0,0.0,0.0
bezzy.jp,192,104,0.5416666666666666,13.0,18.0,41165.0,10.0
bizSPA!,20,4,0.2,1.0,-1.0,707.0,1.0
bleague.jp,4,2,0.5,0.0,0.0,0.0,0.0
bodybook.jp,1,0,0.0,0.0,0.0,0.0,0.0
boxmob.jp,1,0,0.0,0.0,0.0,0.0,0.0
brasilnippou.com,3,7,2.3333333333333335,0.0,0.0,0.0,0.0
bs10.jp,6,9,1.5,0.0,0.0,0.0,0.0
bs4.jp,51,35,0.6862745098039216,6.0,0.0,26756.0,6.0
bunkanews.jp,2,4,2.0,1.0,1.0,7610.0,1.0
butters.jp,2,0,0.0,0.0,0.0,0.0,0.0
capcom-games.com,1,2,2.0,2.0,4.0,6840.0,2.0
carview!,7,12,1.7142857142857142,0.0,0.0,0.0,0.0
ch FILES,19,18,0.9473684210526315,0.0,0.0,0.0,0.0
chorioka.com,20,19,0.95,4.0,5.0,24685.0,3.0
chugai-pharm.co.jp,1,1,1.0,0.0,0.0,0.0,0.0
chuo-u.ac.jp,1,0,0.0,0.0,0.0,0.0,0.0
ciatr[シアター],9,5,0.5555555555555556,0.0,0.0,0.0,0.0
cinema-life.net,236,324,1.3728813559322033,24.0,34.0,186294.0,21.0
cinemacafe.net,2181,2822,1.2939018798716184,242.0,379.0,2772030.0,129.0
cinemarche.net,257,58,0.22568093385214008,9.0,-2.0,35448.0,8.0
city.atsugi.kanagawa.jp,1,0,0.0,0.0,0.0,0.0,0.0
city.chino.lg.jp,1,5,5.0,1.0,5.0,9434.0,1.0
city.ena.lg.jp,4,-4,-1.0,0.0,0.0,0.0,0.0
city.fukuoka.lg.jp,1,0,0.0,0.0,0.0,0.0,0.0
city.fukuyama.hiroshima.jp,1,0,0.0,0.0,0.0,0.0,0.0
city.hitachinaka.lg.jp,1,2,2.0,0.0,0.0,0.0,0.0
city.kikuchi.lg.jp,2,0,0.0,0.0,0.0,0.0,0.0
city.kitahiroshima.hokkaido.jp,1,0,0.0,0.0,0.0,0.0,0.0
city.kitakyushu.lg.jp,4,0,0.0,0.0,0.0,0.0,0.0
city.kobe.lg.jp,1,1,1.0,0.0,0.0,0.0,0.0
city.koshigaya.saitama.jp,2,3,1.5,0.0,0.0,0.0,0.0
city.mitoyo.lg.jp,1,2,2.0,0.0,0.0,0.0,0.0
city.nagoya.jp,1,1,1.0,1.0,1.0,14362.0,1.0
city.shinagawa.tokyo.jp,1,1,1.0,0.0,0.0,0.0,0.0
city.taketa.oita.jp,1,0,0.0,0.0,0.0,0.0,0.0
city.tokamachi.lg.jp,1,1,1.0,0.0,0.0,0.0,0.0
city.toride.ibaraki.jp,3,3,1.0,1.0,0.0,5743.0,1.0
clicccar.com,1,1,1.0,0.0,0.0,0.0,0.0
cocokara-next.com,11,2,0.18181818181818182,0.0,0.0,0.0,0.0
coconutsjapan.com,357,37,0.10364145658263306,45.0,16.0,511844.0,39.0
colocal.jp,3,4,1.3333333333333333,0.0,0.0,0.0,0.0
column.sp.baseball.findfriends.jp,18,9,0.5,3.0,3.0,11572.0,3.0
concent-f.jp,1,0,0.0,0.0,0.0,0.0,0.0
coolkagawa.jp,6,4,0.6666666666666666,1.0,1.0,2003.0,1.0
corocoro-news.jp,3,5,1.6666666666666667,1.0,2.0,4302.0,1.0
corp.world.co.jp,2,3,1.5,0.0,0.0,0.0,0.0
corriente.jp,1,5,5.0,0.0,0.0,0.0,0.0
criacao.co.jp,2,2,1.0,0.0,0.0,0.0,0.0
csa.gr.jp,5,3,0.6,0.0,0.0,0.0,0.0
cyber-z.co.jp,1,0,0.0,1.0,0.0,1491.0,1.0
cyberagent.co.jp,10,18,1.8,4.0,7.0,27358.0,4.0
cyclowired.jp,6,1,0.16666666666666666,0.0,0.0,0.0,0.0
da-ice.jp,3,4,1.3333333333333333,0.0,0.0,0.0,0.0
daihatsu.co.jp,3,0,0.0,0.0,0.0,0.0,0.0
dailynewsonline.jp,54,-33,-0.6111111111111112,4.0,-6.0,11574.0,3.0
dailyshincho.jp,7,-1,-0.14285714285714285,0.0,0.0,0.0,0.0
daisen.jp,1,2,2.0,0.0,0.0,0.0,0.0
danmee.jp,4,3,0.75,0.0,0.0,0.0,0.0
data-max.co.jp,1,-1,-1.0,0.0,0.0,0.0,0.0
ddnavi.com,34,45,1.3235294117647058,5.0,9.0,50428.0,5.0
dengekionline.com,18,25,1.3888888888888888,3.0,4.0,18171.0,3.0
dews365.com,2,2,1.0,0.0,0.0,0.0,0.0
dip-net.co.jp,2,2,1.0,0.0,0.0,0.0,0.0
dish-web.com,1,3,3.0,0.0,0.0,0.0,0.0
dm-net.co.jp,1,0,0.0,0.0,0.0,0.0,0.0
domingo.ne.jp,1,0,0.0,1.0,0.0,3440.0,1.0
donga.com,1,-2,-2.0,0.0,0.0,0.0,0.0
dorama9.com,68,15,0.22058823529411764,22.0,7.0,127250.0,16.0
dpost.jp,1,0,0.0,0.0,0.0,0.0,0.0
dragonquest.jp,1,2,2.0,0.0,0.0,0.0,0.0
dressy.pla-cole.wedding,75,60,0.8,10.0,16.0,310593.0,9.0
e-talentbank.co.jp,690,720,1.0434782608695652,67.0,70.0,617156.0,51.0
eJudo,3,5,1.6666666666666667,1.0,0.0,1805.0,1.0
edgeline-tokyo.com,474,394,0.8312236286919831,48.0,32.0,322426.0,40.0
efight.jp,18,13,0.7222222222222222,1.0,1.0,5814.0,1.0
ejapion.com,1,-1,-1.0,0.0,0.0,0.0,0.0
ele-king,4,1,0.25,0.0,0.0,0.0,0.0
eltha,28,22,0.7857142857142857,3.0,5.0,6651.0,2.0
emmary.jp,25,34,1.36,9.0,16.0,97018.0,7.0
enbu.co.jp,92,145,1.576086956521739,9.0,18.0,34273.0,9.0
encourage-s.jp,17,26,1.5294117647058822,5.0,11.0,51390.0,3.0
ensoku!,1,2,2.0,0.0,0.0,0.0,0.0
entafukuzou.com,1,0,0.0,0.0,0.0,0.0,0.0
entameplex.com,26,29,1.1153846153846154,4.0,2.0,20734.0,3.0
entax,372,232,0.6236559139784946,90.0,58.0,879615.0,48.0
enuchi.jp,1,1,1.0,0.0,0.0,0.0,0.0
env.go.jp,1,0,0.0,0.0,0.0,0.0,0.0
evilamag.com,3,5,1.6666666666666667,1.0,3.0,7159.0,1.0
fagiano-okayama.com,1,1,1.0,0.0,0.0,0.0,0.0
family.co.jp,6,7,1.1666666666666667,1.0,1.0,7861.0,1.0
fashionmarketingjournal.com,9,12,1.3333333333333333,0.0,0.0,0.0,0.0
fashionsnap.com,212,171,0.8066037735849056,26.0,24.0,425930.0,22.0
fast-tokyo.com,29,50,1.7241379310344827,4.0,8.0,63072.0,3.0
financepensionrealestate.work,1,1,1.0,0.0,0.0,0.0,0.0
football-zone.net,4,4,1.0,0.0,0.0,0.0,0.0
footballista,3,3,1.0,0.0,0.0,0.0,0.0
fortune-girl.com,4,6,1.5,0.0,0.0,0.0,0.0
fphime.biz,2,0,0.0,0.0,0.0,0.0,0.0
fufc.jp,1,1,1.0,0.0,0.0,0.0,0.0
fujitv.co.jp,155,115,0.7419354838709677,46.0,47.0,286989.0,28.0
fukuoka-u.ac.jp,4,-4,-1.0,0.0,0.0,0.0,0.0
full-count.jp,157,184,1.1719745222929936,21.0,33.0,137961.0,11.0
funq.jp,5,4,0.8,0.0,0.0,0.0,0.0
gaga.ne.jp,4,4,1.0,0.0,0.0,0.0,0.0
galpo.info,15,21,1.4,0.0,0.0,0.0,0.0
gamebiz.jp,16,21,1.3125,0.0,0.0,0.0,0.0
gamereactor.jp,1,-3,-3.0,0.0,0.0,0.0,0.0
gendai.media,10,-3,-0.3,0.0,0.0,0.0,0.0
gew.co.jp,1,2,2.0,0.0,0.0,0.0,0.0
giants.jp,15,6,0.4,1.0,0.0,1993.0,1.0
gkp-koushiki.gakken.jp,1,0,0.0,0.0,0.0,0.0,0.0
glitter-official.com,13,26,2.0,2.0,2.0,19153.0,2.0
global.toshiba,1,1,1.0,0.0,0.0,0.0,0.0
golfdigest-minna.jp,2,2,1.0,0.0,0.0,0.0,0.0
golfsapuri.com,2,2,1.0,0.0,0.0,0.0,0.0
goo-net.com,2,3,1.5,0.0,0.0,0.0,0.0
goo.ne.jp,1,2,2.0,0.0,0.0,0.0,0.0
grapee.jp,373,433,1.160857908847185,94.0,137.0,2487184.0,60.0
gurutto-fukushima.com,1,0,0.0,0.0,0.0,0.0,0.0
gyouseinews.com,2,-1,-0.5,0.0,0.0,0.0,0.0
haagen-dazs.co.jp,1,2,2.0,0.0,0.0,0.0,0.0
harpersbazaar.com,1,0,0.0,0.0,0.0,0.0,0.0
hasegawahitomi.com,1,0,0.0,0.0,0.0,0.0,0.0
haveagood.holiday,3,2,0.6666666666666666,1.0,1.0,7965.0,1.0
hawaii-arukikata.com,1,2,2.0,0.0,0.0,0.0,0.0
hicbc.com,14,21,1.5,1.0,1.0,6787.0,1.0
highflyers.nu,3,7,2.3333333333333335,0.0,0.0,0.0,0.0
hiroshima-u.ac.jp,2,-1,-0.5,0.0,0.0,0.0,0.0
hit-u.ac.jp,2,-1,-0.5,0.0,0.0,0.0,0.0
hobby Watch,17,17,1.0,1.0,1.0,5924.0,1.0
hokeniryo.metro.tokyo.lg.jp,1,2,2.0,0.0,0.0,0.0,0.0
hokudaishinbun.com,1,0,0.0,0.0,0.0,0.0,0.0
holdings.toppan.com,2,3,1.5,0.0,0.0,0.0,0.0
honda.co.jp,1,1,1.0,0.0,0.0,0.0,0.0
houyhnhnm.jp,12,8,0.6666666666666666,2.0,2.0,19041.0,2.0
hpc-news.co.jp,19,29,1.5263157894736843,3.0,4.0,29886.0,2.0
hypebeast.com,15,10,0.6666666666666666,1.0,2.0,33592.0,1.0
iFLYER,5,4,0.8,0.0,0.0,0.0,0.0
iPhone Mania,5,6,1.2,0.0,0.0,0.0,0.0
id.emb-japan.go.jp,1,0,0.0,0.0,0.0,0.0,0.0
ideanews.jp,1,2,2.0,0.0,0.0,0.0,0.0
imaonline.jp,5,4,0.8,0.0,0.0,0.0,0.0
imozawa.blog.jp,1,-2,-2.0,0.0,0.0,0.0,0.0
indienative,1,0,0.0,0.0,0.0,0.0,0.0
internetcom.jp,1,0,0.0,0.0,0.0,0.0,0.0
intro.ne.jp,1,0,0.0,0.0,0.0,0.0,0.0
irisohyama.co.jp,2,4,2.0,0.0,0.0,0.0,0.0
itochu.co.jp,1,-1,-1.0,0.0,0.0,0.0,0.0
j-wave.co.jp,31,33,1.064516129032258,8.0,9.0,11593.0,7.0
jaaf.or.jp,2,0,0.0,0.0,0.0,0.0,0.0
japan-baseball.jp,1,2,2.0,1.0,2.0,15971.0,1.0
japan-indepth.jp,1,-1,-1.0,0.0,0.0,0.0,0.0
japandesign.ne.jp,2,0,0.0,0.0,0.0,0.0,0.0
japanheart.org,1,2,2.0,0.0,0.0,0.0,0.0
jaras-web.net,16,27,1.6875,2.0,5.0,6099.0,2.0
jetro.go.jp,2,2,1.0,0.0,0.0,0.0,0.0
jetstream.buzz,1,-1,-1.0,0.0,0.0,0.0,0.0
jica.go.jp,1,0,0.0,0.0,0.0,0.0,0.0
jleague.jp,3,5,1.6666666666666667,1.0,1.0,939.0,1.0
jocr.jp,89,99,1.1123595505617978,8.0,11.0,77265.0,7.0
joetsutj.com,2,5,2.5,0.0,0.0,0.0,0.0
jsports.co.jp,1,2,2.0,1.0,2.0,46603.0,1.0
jukushin.com,4,1,0.25,0.0,0.0,0.0,0.0
jungle.ne.jp,1,0,0.0,0.0,0.0,0.0,0.0
jwa.or.jp,1,0,0.0,0.0,0.0,0.0,0.0
kakaku.com,2,2,1.0,0.0,0.0,0.0,0.0
kansai-u.ac.jp,1,0,0.0,0.0,0.0,0.0,0.0
karatedo.co.jp,1,0,0.0,0.0,0.0,0.0,0.0
ken-on.co.jp,37,62,1.6756756756756757,5.0,9.0,32750.0,5.0
kentaku.co.jp,1,1,1.0,0.0,0.0,0.0,0.0
khb東日本放送,14,27,1.9285714285714286,2.0,5.0,12817.0,2.0
kkbox.com,5,3,0.6,0.0,0.0,0.0,0.0
kochinews.co.jp,23,34,1.4782608695652173,2.0,4.0,25518.0,2.0
korepo.com,16,22,1.375,2.0,5.0,9290.0,2.0
ktn.co.jp,8,6,0.75,1.0,0.0,1222.0,1.0
ktv.jp,18,5,0.2777777777777778,9.0,5.0,88673.0,5.0
kufura.jp,6,0,0.0,1.0,0.0,3243.0,1.0
kumagaigumi.co.jp,1,1,1.0,0.0,0.0,0.0,0.0
kunaicho.go.jp,1,0,0.0,0.0,0.0,0.0,0.0
kuriyama-holdings.com,1,1,1.0,1.0,1.0,2374.0,1.0
kyoiku-press.com,1,0,0.0,0.0,0.0,0.0,0.0
kyoto-su.ac.jp,2,0,0.0,0.0,0.0,0.0,0.0
kyotopi.jp,5,10,2.0,0.0,0.0,0.0,0.0
kyushu-u.ac.jp,1,-1,-1.0,1.0,-1.0,982.0,1.0
lee.hpplus.jp,83,101,1.216867469879518,15.0,22.0,157082.0,14.0
letskendo.com,1,0,0.0,0.0,0.0,0.0,0.0
lite-ra.com,1,-2,-2.0,0.0,0.0,0.0,0.0
liv-plus.jp,1,-3,-3.0,0.0,0.0,0.0,0.0
lmusic.tokyo,6,11,1.8333333333333333,0.0,0.0,0.0,0.0
locipo.jp,295,114,0.3864406779661017,23.0,13.0,105744.0,21.0
lomore.net,2,1,0.5,0.0,0.0,0.0,0.0
lovinkproject.com,2,1,0.5,0.0,0.0,0.0,0.0
lrnc.cc,1,1,1.0,0.0,0.0,0.0,0.0
lurenewsr.com,9,-1,-0.1111111111111111,0.0,0.0,0.0,0.0
madameFIGARO.jp,54,49,0.9074074074074074,2.0,2.0,16787.0,2.0
maemuki-malco.com,7,1,0.14285714285714285,1.0,0.0,6882.0,1.0
maff.go.jp,1,2,2.0,0.0,0.0,0.0,0.0
maidigitv.jp,380,327,0.8605263157894737,49.0,52.0,254848.0,36.0
majan.co.jp,1,2,2.0,0.0,0.0,0.0,0.0
mamagirl [ママガール],17,24,1.411764705882353,1.0,2.0,11746.0,1.0
mamatalk,1,2,2.0,0.0,0.0,0.0,0.0
marie claire [マリ･クレール],33,44,1.3333333333333333,3.0,5.0,47031.0,3.0
matsuyafoods.co.jp,1,2,2.0,0.0,0.0,0.0,0.0
mbp-japan.com,4,-3,-0.75,0.0,0.0,0.0,0.0
mdn.co.jp,11,13,1.1818181818181819,0.0,0.0,0.0,0.0
media-innovation.jp,2,3,1.5,1.0,2.0,3290.0,1.0
megabrasil.jp,2,2,1.0,0.0,0.0,0.0,0.0
meijigakuin.ac.jp,1,0,0.0,0.0,0.0,0.0,0.0
meijo-u.ac.jp,1,0,0.0,0.0,0.0,0.0,0.0
mhlw.go.jp,2,1,0.5,0.0,0.0,0.0,0.0
mi-mollet（ミモレ）,104,124,1.1923076923076923,20.0,30.0,259895.0,12.0
middle-edge.jp,10,-2,-0.2,2.0,1.0,1529.0,2.0
miruhon.net,1,0,0.0,0.0,0.0,0.0,0.0
misia.jp,1,2,2.0,0.0,0.0,0.0,0.0
mito-hollyhock.net,1,1,1.0,0.0,0.0,0.0,0.0
mitsuifudosan.co.jp,1,2,2.0,0.0,0.0,0.0,0.0
mofa.go.jp,1,1,1.0,2.0,2.0,11346.0,2.0
monkey1119.com,4,1,0.25,0.0,0.0,0.0,0.0
monogatari.co.jp,1,2,2.0,1.0,2.0,1123.0,1.0
monomax.jp,4,8,2.0,0.0,0.0,0.0,0.0
more.hpplus.jp,113,169,1.4955752212389382,8.0,4.0,61666.0,7.0
motion-gallery.net,7,22,3.142857142857143,0.0,0.0,0.0,0.0
motoei.com,1,2,2.0,0.0,0.0,0.0,0.0
motomegane.com,2,2,1.0,0.0,0.0,0.0,0.0
motor-fan.jp,6,-4,-0.6666666666666666,0.0,0.0,0.0,0.0
motorsport.com 日本版｜モータースポーツ情報サイト,3,3,1.0,1.0,1.0,6452.0,1.0
musicguide.jp,14,11,0.7857142857142857,0.0,0.0,0.0,0.0
musubie.org,1,1,1.0,0.0,0.0,0.0,0.0
myfuna.net,4,0,0.0,0.0,0.0,0.0,0.0
nack5.co.jp,6,5,0.8333333333333334,0.0,0.0,0.0,0.0
nagoyatv.com,19,11,0.5789473684210527,1.0,0.0,8441.0,1.0
nankainn.com,4,1,0.25,0.0,0.0,0.0,0.0
navicon.jp,300,258,0.86,46.0,33.0,405411.0,34.0
nbs-tv.co.jp,10,18,1.8,2.0,3.0,10053.0,2.0
ncvc.go.jp,1,0,0.0,0.0,0.0,0.0,0.0
neol.jp,9,-6,-0.6666666666666666,0.0,0.0,0.0,0.0
netkeiba,18,9,0.5,2.0,1.0,7283.0,1.0
netkeirin,11,8,0.7272727272727273,1.0,1.0,1633.0,1.0
news.awa.fm,2,-1,-0.5,0.0,0.0,0.0,0.0
news.j-wave.co.jp,5,7,1.4,1.0,2.0,5897.0,1.0
news.jsports.co.jp,8,10,1.25,2.0,4.0,38209.0,2.0
newscafe.ne.jp,6,-3,-0.5,0.0,0.0,0.0,0.0
newscast.jp,127,126,0.9921259842519685,12.0,13.0,63429.0,12.0
newspicks.com,3,1,0.3333333333333333,0.0,0.0,0.0,0.0
nfreaks.jp,5,9,1.8,2.0,0.0,4823.0,2.0
nhk.or.jp,52,40,0.7692307692307693,15.0,20.0,79911.0,7.0
nicheee.com,4,1,0.25,0.0,0.0,0.0,0.0
nikkansports.com,4461,4110,0.9213180901143242,989.0,943.0,10093871.0,197.0
nikkei.co.jp,2,2,1.0,0.0,0.0,0.0,0.0
nikkinonline.com,3,1,0.3333333333333333,0.0,0.0,0.0,0.0
nippon.com,13,22,1.6923076923076923,0.0,0.0,0.0,0.0
nipponexpress-holdings.com,1,0,0.0,0.0,0.0,0.0,0.0
nittaku.com,4,0,0.0,0.0,0.0,0.0,0.0
njpw.co.jp,5,0,0.0,0.0,0.0,0.0,0.0
nli-research.co.jp,1,-1,-1.0,0.0,0.0,0.0,0.0
no-vice.jp,1,1,1.0,0.0,0.0,0.0,0.0
note,25,8,0.32,2.0,1.0,15719.0,2.0
nouson-n.com,1,0,0.0,0.0,0.0,0.0,0.0
obayashi.co.jp,1,0,0.0,0.0,0.0,0.0,0.0
oceana.ne.jp,3,6,2.0,0.0,0.0,0.0,0.0
octoba.net,1,0,0.0,0.0,0.0,0.0,0.0
ongakunojouhou.com,3,-3,-1.0,0.0,0.0,0.0,0.0
orionbeer.co.jp,1,1,1.0,0.0,0.0,0.0,0.0
osaka style,20,25,1.25,3.0,7.0,16342.0,3.0
otalab.net,1,0,0.0,0.0,0.0,0.0,0.0
otocoto,461,384,0.8329718004338394,33.0,36.0,228001.0,29.0
panora.tokyo,6,7,1.1666666666666667,1.0,1.0,18509.0,1.0
parismag.jp,2,2,1.0,0.0,0.0,0.0,0.0
pen-online.jp,1,0,0.0,0.0,0.0,0.0,0.0
perfectworld.tokyo,1,1,1.0,0.0,0.0,0.0,0.0
persol-group.co.jp,3,4,1.3333333333333333,0.0,0.0,0.0,0.0
pff.jp,3,5,1.6666666666666667,0.0,0.0,0.0,0.0
player.jp,2,2,1.0,0.0,0.0,0.0,0.0
pointed.jp,5,3,0.6,0.0,0.0,0.0,0.0
popnroll.tv,9,-2,-0.2222222222222222,0.0,0.0,0.0,0.0
pref.aichi.jp,1,0,0.0,0.0,0.0,0.0,0.0
pref.chiba.lg.jp,1,1,1.0,0.0,0.0,0.0,0.0
pref.hiroshima.lg.jp,5,7,1.4,0.0,0.0,0.0,0.0
pref.hyogo.lg.jp,1,1,1.0,0.0,0.0,0.0,0.0
pref.kagawa.lg.jp,1,0,0.0,0.0,0.0,0.0,0.0
pref.kagoshima.jp,1,3,3.0,0.0,0.0,0.0,0.0
pref.kyoto.jp,1,-1,-1.0,0.0,0.0,0.0,0.0
pref.miyagi.jp,1,2,2.0,0.0,0.0,0.0,0.0
pref.miyazaki.lg.jp,1,3,3.0,0.0,0.0,0.0,0.0
pref.niigata.lg.jp,5,10,2.0,0.0,0.0,0.0,0.0
pref.saitama.lg.jp,1,0,0.0,0.0,0.0,0.0,0.0
pref.shizuoka.jp,1,-1,-1.0,0.0,0.0,0.0,0.0
pref.wakayama.lg.jp,1,0,0.0,0.0,0.0,0.0,0.0
project-index.jp,1,2,2.0,0.0,0.0,0.0,0.0
r-yuuki.jp,3,2,0.6666666666666666,0.0,0.0,0.0,0.0
radionikkei.jp,4,4,1.0,0.0,0.0,0.0,0.0
raillab.jp,36,34,0.9444444444444444,6.0,6.0,21918.0,6.0
regina-web.jp,2,0,0.0,0.0,0.0,0.0,0.0
riken.jp,1,0,0.0,0.0,0.0,0.0,0.0
ris.ac.jp,1,0,0.0,0.0,0.0,0.0,0.0
rise-rc.com,1,-1,-1.0,0.0,0.0,0.0,0.0
ritsumei.ac.jp,2,0,0.0,0.0,0.0,0.0,0.0
rnc.co.jp,1,3,3.0,0.0,0.0,0.0,0.0
rockinon.com,99,128,1.292929292929293,10.0,20.0,170558.0,10.0
rooftop1976.com,17,13,0.7647058823529411,0.0,0.0,0.0,0.0
rsk.co.jp,5,0,0.0,0.0,0.0,0.0,0.0
ryoutan.co.jp,3,6,2.0,0.0,0.0,0.0,0.0
safarilounge.jp,6,-1,-0.16666666666666666,0.0,0.0,0.0,0.0
saita（サイタ）,1,2,2.0,0.0,0.0,0.0,0.0
sakuyaoi.com,1,3,3.0,0.0,0.0,0.0,0.0
sannichi.co.jp,3,0,0.0,0.0,0.0,0.0,0.0
screens-lab.jp,4,4,1.0,2.0,4.0,456.0,2.0
sdp.or.jp,1,-1,-1.0,0.0,0.0,0.0,0.0
second-innovation.com,1,2,2.0,0.0,0.0,0.0,0.0
sega.jp,2,2,1.0,0.0,0.0,0.0,0.0
seibulions.jp,2,4,2.0,1.0,2.0,6236.0,1.0
seikeidenron.jp,1,0,0.0,0.0,0.0,0.0,0.0
sg-hldgs.co.jp,1,1,1.0,0.0,0.0,0.0,0.0
shimz.co.jp,1,0,0.0,0.0,0.0,0.0,0.0
shingeki.tv,1,2,2.0,0.0,0.0,0.0,0.0
shinkyokushinkai.co.jp,3,0,0.0,0.0,0.0,0.0,0.0
shiruporuto.jp,2,2,1.0,0.0,0.0,0.0,0.0
shishamo.biz,7,2,0.2857142857142857,0.0,0.0,0.0,0.0
shooting-mag.jp,2,2,1.0,0.0,0.0,0.0,0.0
shudo-u.ac.jp,1,0,0.0,0.0,0.0,0.0,0.0
skream.jp,49,49,1.0,2.0,2.0,5763.0,2.0
skygroup.jp,1,2,2.0,0.0,0.0,0.0,0.0
smart-flash.jp,729,-123,-0.16872427983539096,114.0,-8.0,1622821.0,75.0
smartmag.jp,70,68,0.9714285714285714,12.0,18.0,479636.0,11.0
sodane.hokkaido.jp,29,37,1.2758620689655173,2.0,3.0,3885.0,2.0
soen.tokyo,6,5,0.8333333333333334,1.0,0.0,18815.0,1.0
sojitz.com,3,2,0.6666666666666666,0.0,0.0,0.0,0.0
sophia.ac.jp,2,2,1.0,0.0,0.0,0.0,0.0
sorae 宇宙へのポータルサイト,1,2,2.0,0.0,0.0,0.0,0.0
soumu.go.jp,1,1,1.0,0.0,0.0,0.0,0.0
spocafe.jp,1,2,2.0,0.0,0.0,0.0,0.0
sportingnews.com,1,1,1.0,0.0,0.0,0.0,0.0
sportiva.shueisha.co.jp,3,0,0.0,0.0,0.0,0.0,0.0
spread-sports.jp,10,13,1.3,0.0,0.0,0.0,0.0
srigroup.co.jp,1,0,0.0,0.0,0.0,0.0,0.0
ssnp.co.jp,7,3,0.42857142857142855,0.0,0.0,0.0,0.0
storm-labels.co.jp,53,49,0.9245283018867925,1.0,2.0,7188.0,1.0
storyweb.jp,86,93,1.0813953488372092,12.0,14.0,30176.0,10.0
storywriter.tokyo,1,-1,-1.0,0.0,0.0,0.0,0.0
sumabo.tv,3,6,2.0,0.0,0.0,0.0,0.0
sunsunfine.com,1,0,0.0,0.0,0.0,0.0,0.0
superceo.jp,1,1,1.0,0.0,0.0,0.0,0.0
surfnews.jp,4,7,1.75,1.0,2.0,1050.0,1.0
switch-pub.co.jp,11,9,0.8181818181818182,1.0,2.0,2933.0,1.0
taisei.co.jp,1,0,0.0,0.0,0.0,0.0,0.0
tanegashimapi.com,1,3,3.0,0.0,0.0,0.0,0.0
tbs.co.jp,217,241,1.1105990783410138,75.0,74.0,890038.0,51.0
tbsradio.jp,275,165,0.6,30.0,32.0,103581.0,28.0
telling,152,63,0.4144736842105263,26.0,21.0,361082.0,18.0
tenki.jp,1,0,0.0,0.0,0.0,0.0,0.0
tennis.jp,4,-1,-0.25,0.0,0.0,0.0,0.0
tennis365.net,19,7,0.3684210526315789,3.0,1.0,3636.0,2.0
teu.ac.jp,1,0,0.0,0.0,0.0,0.0,0.0
thefirsttimes.jp,44,54,1.2272727272727273,5.0,5.0,21162.0,5.0
therakejapan.com,3,-2,-0.6666666666666666,0.0,0.0,0.0,0.0
theriver.jp,17,18,1.0588235294117647,0.0,0.0,0.0,0.0
things-niigata.jp,1,-1,-1.0,0.0,0.0,0.0,0.0
ticket-news.pia.jp,15,19,1.2666666666666666,1.0,2.0,2479.0,1.0
tk.tokai-tv.com,33,8,0.24242424242424243,6.0,1.0,13726.0,4.0
tkj.jp,27,40,1.4814814814814814,2.0,2.0,14747.0,1.0
tmd.ac.jp,1,-5,-5.0,0.0,0.0,0.0,0.0
toei.co.jp,1,0,0.0,0.0,0.0,0.0,0.0
tokai-tv.com,54,54,1.0,6.0,9.0,44574.0,6.0
tokyo-calendar.jp,21,21,1.0,2.0,3.0,16166.0,2.0
tokyoheadline.com,178,158,0.8876404494382022,35.0,22.0,598273.0,28.0
tonichi.net,7,11,1.5714285714285714,1.0,2.0,4422.0,1.0
tosonline.jp,4,9,2.25,3.0,7.0,2801.0,2.0
towayakuhin.co.jp,1,1,1.0,0.0,0.0,0.0,0.0
town.aisho.shiga.jp,1,0,0.0,0.0,0.0,0.0,0.0
town.ashoro.hokkaido.jp,1,2,2.0,0.0,0.0,0.0,0.0
town.daigo.ibaraki.jp,9,0,0.0,0.0,0.0,0.0,0.0
town.okuma.fukushima.jp,2,0,0.0,0.0,0.0,0.0,0.0
town.samukawa.kanagawa.jp,1,1,1.0,0.0,0.0,0.0,0.0
tufs.ac.jp,1,1,1.0,0.0,0.0,0.0,0.0
tv-tokyo.co.jp,1322,557,0.42133131618759456,260.0,133.0,928345.0,109.0
tvgroove,29,53,1.8275862068965518,3.0,4.0,81013.0,3.0
u-presscenter.jp,2,4,2.0,0.0,0.0,0.0,0.0
u-tokai.ac.jp,3,3,1.0,1.0,2.0,1754.0,1.0
u-tokyo.ac.jp,1,-1,-1.0,0.0,0.0,0.0,0.0
uDiscoverMusic,32,10,0.3125,2.0,4.0,24104.0,2.0
universal-press.jp,55,61,1.1090909090909091,9.0,16.0,82836.0,9.0
uptodate.tokyo,5,3,0.6,0.0,0.0,0.0,0.0
utabito.jp,3,-1,-0.3333333333333333,0.0,0.0,0.0,0.0
uzurea.net,6,8,1.3333333333333333,1.0,2.0,1263.0,1.0
v-storage.jp,16,25,1.5625,0.0,0.0,0.0,0.0
valuepress,10,4,0.4,0.0,0.0,0.0,0.0
victorysportsnews.com,3,6,2.0,0.0,0.0,0.0,0.0
virtualgorillaplus.com,1,0,0.0,0.0,0.0,0.0,0.0
visit-hokkaido.jp,1,0,0.0,0.0,0.0,0.0,0.0
vitup.jp,4,-4,-1.0,1.0,2.0,5325.0,1.0
vivi.tv,174,249,1.4310344827586208,6.0,12.0,59699.0,4.0
w-higa.com,1,2,2.0,0.0,0.0,0.0,0.0
wanibooks-newscrunch.com,33,14,0.42424242424242425,1.0,-1.0,1929.0,1.0
warnerbros.co.jp,6,11,1.8333333333333333,0.0,0.0,0.0,0.0
waseda.jp,4,0,0.0,0.0,0.0,0.0,0.0
webCG,2,-1,-0.5,1.0,0.0,4959.0,1.0
webchronos.net,27,-3,-0.1111111111111111,3.0,-2.0,36117.0,3.0
webスポルティーバ,33,40,1.2121212121212122,2.0,-4.0,3653.0,2.0
with online,52,81,1.5576923076923077,4.0,4.0,9803.0,4.0
withnews,12,15,1.25,2.0,2.0,4991.0,2.0
wowKorea,32,41,1.28125,12.0,18.0,50018.0,9.0
wpb.shueisha.co.jp,55,47,0.8545454545454545,10.0,12.0,24144.0,8.0
wrestling-now.net,1,-2,-2.0,0.0,0.0,0.0,0.0
wwws.warnerbros.co.jp,23,29,1.2608695652173914,4.0,4.0,54857.0,4.0
yab｜山口朝日放送,1,1,1.0,0.0,0.0,0.0,0.0
yoi（ヨイ）,11,21,1.9090909090909092,1.0,3.0,16375.0,1.0
yokohama-cu.ac.jp,2,1,0.5,0.0,0.0,0.0,0.0
zaisatsu.jp,2,3,1.5,0.0,0.0,0.0,0.0
zakⅡ,386,60,0.15544041450777202,46.0,26.0,1120510.0,33.0
zennoh.or.jp,14,21,1.5,0.0,0.0,0.0,0.0
zoom up collection,6,6,1.0,2.0,1.0,17460.0,2.0
ztylez.com,3,2,0.6666666666666666,0.0,0.0,0.0,0.0
【えべナビ！】江別・野幌 情報ナビ,3,5,1.6666666666666667,1.0,1.0,865.0,1.0
あべの経済新聞,15,5,0.3333333333333333,0.0,0.0,0.0,0.0
いいものタウン,5,6,1.2,0.0,0.0,0.0,0.0
いこーよニュース,1,-1,-1.0,0.0,0.0,0.0,0.0
いたばしTIMES,11,7,0.6363636363636364,2.0,4.0,11358.0,2.0
いぶし銀杏な生活,1,0,0.0,0.0,0.0,0.0,0.0
いわきFC Official Site,1,0,0.0,0.0,0.0,0.0,0.0
いわき民報社,3,3,1.0,0.0,0.0,0.0,0.0
おた☆スケ,3,6,2.0,0.0,0.0,0.0,0.0
おたくま経済新聞,64,32,0.5,3.0,2.0,12171.0,3.0
おためし新商品ナビ,2,0,0.0,0.0,0.0,0.0,0.0
おとなの週末Web,14,8,0.5714285714285714,1.0,0.0,2205.0,1.0
かこがわノート,1,1,1.0,0.0,0.0,0.0,0.0
きさらづレポート（きさレポ）,3,1,0.3333333333333333,0.0,0.0,0.0,0.0
くるまのニュース,12,13,1.0833333333333333,1.0,2.0,4237.0,1.0
ぐぐスポ！ニュース速報,5,-10,-2.0,1.0,0.0,3185.0,1.0
こどもとIT,1,-1,-1.0,0.0,0.0,0.0,0.0
さかにゅー,6,1,0.16666666666666666,0.0,0.0,0.0,0.0
しまね観光ナビ,2,1,0.5,1.0,1.0,2794.0,1.0
しもブロ,1,3,3.0,0.0,0.0,0.0,0.0
じゃんごブログ,5,2,0.4,0.0,0.0,0.0,0.0
すまほん!!,1,0,0.0,0.0,0.0,0.0,0.0
せんだいマチプラ,2,4,2.0,0.0,0.0,0.0,0.0
せんだい・宮城フィルムコミッション,4,7,1.75,0.0,0.0,0.0,0.0
たまひよ,20,17,0.85,1.0,1.0,1981.0,1.0
ちびまる子ちゃん オフィシャルサイト,2,3,1.5,0.0,0.0,0.0,0.0
でんぱ組.inc 公式サイト,1,3,3.0,0.0,0.0,0.0,0.0
とよすと,5,10,2.0,0.0,0.0,0.0,0.0
なでしこリーグ,1,0,0.0,0.0,0.0,0.0,0.0
なびたび北東北,1,0,0.0,0.0,0.0,0.0,0.0
なんば経済新聞,3,5,1.6666666666666667,0.0,0.0,0.0,0.0
にいがた経済新聞,6,6,1.0,0.0,0.0,0.0,0.0
にいがた速報,2,4,2.0,0.0,0.0,0.0,0.0
にじめん,42,52,1.2380952380952381,3.0,5.0,12625.0,3.0
ねとらぼ,1616,1515,0.9375,337.0,382.0,3447144.0,155.0
ひなた宮崎経済新聞,2,4,2.0,0.0,0.0,0.0,0.0
ひろしまリード,2,4,2.0,0.0,0.0,0.0,0.0
ぴあアリーナMM - PIA ARENA MM,1,1,1.0,0.0,0.0,0.0,0.0
ぴあエンタメ情報,1643,1795,1.0925136944613512,174.0,212.0,1529253.0,111.0
ぴあ株式会社,11,11,1.0,1.0,3.0,1293.0,1.0
ぴあ関西版WEB,60,53,0.8833333333333333,2.0,1.0,20776.0,2.0
ふくおかナビ,17,27,1.588235294117647,1.0,1.0,7890.0,1.0
ふくおか経済,1,0,0.0,0.0,0.0,0.0,0.0
ふねぽ,46,13,0.2826086956521739,2.0,0.0,5590.0,2.0
ふーぽ,3,2,0.6666666666666666,0.0,0.0,0.0,0.0
ほんのひきだし,4,4,1.0,0.0,0.0,0.0,0.0
ほ・とせなNEWS,1,2,2.0,0.0,0.0,0.0,0.0
まいどなニュース,164,174,1.0609756097560976,17.0,19.0,74883.0,13.0
まぐまぐ！,88,-111,-1.2613636363636365,14.0,-26.0,192543.0,10.0
まっぷるウェブ,4,11,2.75,0.0,0.0,0.0,0.0
みとん今治,1,0,0.0,0.0,0.0,0.0,0.0
みんかぶ（マガジン）,2,-3,-1.5,0.0,0.0,0.0,0.0
みんなのミシマガジン,1,1,1.0,0.0,0.0,0.0,0.0
めざましmedia,876,677,0.7728310502283106,253.0,216.0,2603177.0,127.0
もぐナビ,3,-1,-0.3333333333333333,1.0,1.0,1006.0,1.0
ももクロ侍,9,5,0.5555555555555556,1.0,3.0,6511.0,1.0
やまがたぐらし,3,3,1.0,0.0,0.0,0.0,0.0
やまとごころ.jp,1,2,2.0,0.0,0.0,0.0,0.0
ようこそさっぽろ,1,-1,-1.0,0.0,0.0,0.0,0.0
よみうりタウンニュース,1,0,0.0,0.0,0.0,0.0,0.0
よみタイ,6,-1,-0.16666666666666666,0.0,0.0,0.0,0.0
よろず〜ニュース,150,64,0.4266666666666667,55.0,52.0,1685464.0,39.0
るるぶWeb,6,-1,-0.16666666666666666,0.0,0.0,0.0,0.0
アイスム,3,6,2.0,0.0,0.0,0.0,0.0
アイデアニュース,2,6,3.0,0.0,0.0,0.0,0.0
アグリジャーナル,1,3,3.0,0.0,0.0,0.0,0.0
アゴラ 言論プラットフォーム,2,-3,-1.5,0.0,0.0,0.0,0.0
アサジョ,397,-222,-0.5591939546599496,29.0,-19.0,256008.0,26.0
アサヒビール,10,18,1.8,2.0,3.0,13033.0,2.0
アサ芸プラス,323,-307,-0.9504643962848297,30.0,-23.0,188662.0,29.0
アシックス コーポレートサイト,1,2,2.0,0.0,0.0,0.0,0.0
アットプレス,91,108,1.1868131868131868,1.0,1.0,988.0,1.0
アニメイトタイムズ,172,224,1.302325581395349,23.0,48.0,284518.0,19.0
アニメハック,110,166,1.509090909090909,18.0,36.0,142161.0,16.0
アニメーションビジネス・ジャーナル,3,8,2.6666666666666665,0.0,0.0,0.0,0.0
アニメージュ,63,93,1.4761904761904763,10.0,19.0,65815.0,9.0
アニメージュプラス,3,6,2.0,0.0,0.0,0.0,0.0
アニメ！アニメ！,110,176,1.6,17.0,39.0,135545.0,14.0
アビスパ福岡公式サイト,2,0,0.0,0.0,0.0,0.0,0.0
アプリゲット,3,-1,-0.3333333333333333,0.0,0.0,0.0,0.0
アルバルク東京,1,2,2.0,0.0,0.0,0.0,0.0
アーバンライフ東京,28,27,0.9642857142857143,0.0,0.0,0.0,0.0
イザ！,1520,1284,0.8447368421052631,306.0,286.0,4211043.0,130.0
インサイド,31,26,0.8387096774193549,3.0,5.0,9437.0,2.0
インターエデュ・ドットコム,3,0,0.0,0.0,0.0,0.0,0.0
インディーゲームパブリッシャー,1,0,0.0,0.0,0.0,0.0,0.0
イーストウインド プロダクション,1,0,0.0,0.0,0.0,0.0,0.0
ウェザーニュース,3,1,0.3333333333333333,0.0,0.0,0.0,0.0
ウェブ電通報,2,4,2.0,0.0,0.0,0.0,0.0
ウェルネスデイリーニュース,1,1,1.0,0.0,0.0,0.0,0.0
ウォーカープラス,100,94,0.94,13.0,11.0,272168.0,11.0
ウマフリ,1,0,0.0,0.0,0.0,0.0,0.0
ウレぴあ総研,78,85,1.0897435897435896,17.0,19.0,116541.0,14.0
エイベックス・ポータル,8,6,0.75,0.0,0.0,0.0,0.0
エム・データ,10,7,0.7,0.0,0.0,0.0,0.0
エンジョイ｜競輪,5,2,0.4,0.0,0.0,0.0,0.0
エンタメOVO,286,324,1.132867132867133,36.0,50.0,434626.0,31.0
エンタメターミナル,3,3,1.0,0.0,0.0,0.0,0.0
エンタメラッシュ,140,123,0.8785714285714286,14.0,16.0,116832.0,13.0
エンタメ特化型情報メディア スパイス,246,253,1.0284552845528456,27.0,27.0,127819.0,24.0
エントレ,5,8,1.6,1.0,2.0,2142.0,1.0
エン・ジャパン株式会社（en Japan Inc.）,2,3,1.5,0.0,0.0,0.0,0.0
オズモール,4,6,1.5,0.0,0.0,0.0,0.0
オタク総研,7,9,1.2857142857142858,0.0,0.0,0.0,0.0
オトカゼ,39,15,0.38461538461538464,5.0,8.0,22487.0,4.0
オトナンサー,476,560,1.1764705882352942,74.0,91.0,728487.0,45.0
オモコロ,4,3,0.75,1.0,0.0,3362.0,1.0
オリックス・バファローズ,1,1,1.0,0.0,0.0,0.0,0.0
カジュアルに知性をアップデート,3,0,0.0,0.0,0.0,0.0,0.0
カドブン,17,32,1.8823529411764706,3.0,8.0,45398.0,3.0
カナロコ,16,19,1.1875,0.0,0.0,0.0,0.0
カラふる,1,0,0.0,0.0,0.0,0.0,0.0
カラパイア,1,-2,-2.0,0.0,0.0,0.0,0.0
カラーズマガジン,2,3,1.5,0.0,0.0,0.0,0.0
カルビー株式会社,3,1,0.3333333333333333,0.0,0.0,0.0,0.0
カワコレメディア,11,18,1.6363636363636365,0.0,0.0,0.0,0.0
ガイナーレ鳥取 オフィシャルサイト,1,1,1.0,0.0,0.0,0.0,0.0
ガジェット通信 GetNews,178,184,1.0337078651685394,19.0,32.0,290177.0,17.0
キクエスト,1,1,1.0,0.0,0.0,0.0,0.0
キネプレ,2,5,2.5,0.0,0.0,0.0,0.0
キネマ旬報WEB,49,61,1.2448979591836735,6.0,10.0,30032.0,5.0
キャリコネニュース,1,-1,-1.0,1.0,-1.0,3698.0,1.0
ギズモード・ジャパン,4,2,0.5,0.0,0.0,0.0,0.0
クラウドファンディング - READYFOR,22,5,0.22727272727272727,0.0,0.0,0.0,0.0
クラシック音楽事務所ジャパン・アーツ,1,0,0.0,0.0,0.0,0.0,0.0
クランクイン！,4662,4809,1.0315315315315314,825.0,986.0,8104619.0,200.0
クリスピー・クリーム・ドーナツ,1,0,0.0,0.0,0.0,0.0,0.0
クレアウェブ,123,105,0.8536585365853658,15.0,22.0,91186.0,11.0
クーリエ・ジャポン,12,1,0.08333333333333333,1.0,-1.0,759.0,1.0
ググットニュース,7,4,0.5714285714285714,0.0,0.0,0.0,0.0
グッドウェイ,1,1,1.0,0.0,0.0,0.0,0.0
グリーンべると,1,2,2.0,0.0,0.0,0.0,0.0
グルメ Watch,23,24,1.0434782608695652,3.0,4.0,15261.0,3.0
ケンオー・ドットコム,6,5,0.8333333333333334,0.0,0.0,0.0,0.0
ケータイ Watch,5,5,1.0,2.0,3.0,8771.0,2.0
ゲームハック,2,0,0.0,0.0,0.0,0.0,0.0
ゲーム情報！ゲームのはなし,1,-1,-1.0,0.0,0.0,0.0,0.0
コラボカフェ,19,28,1.4736842105263157,3.0,7.0,160563.0,3.0
ゴムタイムス,1,1,1.0,0.0,0.0,0.0,0.0
ゴルフのニュース,8,7,0.875,0.0,0.0,0.0,0.0
ゴルフダイジェスト・オンライン,3,3,1.0,0.0,0.0,0.0,0.0
ゴルフネットワーク,15,24,1.6,3.0,7.0,7758.0,3.0
ゴング格闘技,13,-2,-0.15384615384615385,0.0,0.0,0.0,0.0
ゴールドオンライン,2,0,0.0,0.0,0.0,0.0,0.0
サイゾーウーマン,1251,-836,-0.6682653876898481,94.0,-53.0,543986.0,58.0
サカエ経済新聞,1,2,2.0,0.0,0.0,0.0,0.0
サカノワ,6,6,1.0,0.0,0.0,0.0,0.0
サカママ,1,0,0.0,0.0,0.0,0.0,0.0
サッカーキング,7,15,2.142857142857143,2.0,8.0,13429.0,2.0
サッカーダイジェスト,16,17,1.0625,6.0,8.0,41463.0,6.0
サッカーマガジンWEB,1,2,2.0,0.0,0.0,0.0,0.0
サッカー批評Web,7,9,1.2857142857142858,1.0,1.0,5536.0,1.0
サッポロビール,4,7,1.75,0.0,0.0,0.0,0.0
サライ.jp,41,44,1.0731707317073171,16.0,17.0,169477.0,13.0
サンスポ,2013,1558,0.7739692001987084,550.0,473.0,7524581.0,178.0
サンテレビ,10,4,0.4,0.0,0.0,0.0,0.0
サンデー山口,1,1,1.0,0.0,0.0,0.0,0.0
サントリーホールディングス,1,1,1.0,0.0,0.0,0.0,0.0
サンフレッチェ広島 オフィシャルサイト,4,-15,-3.75,1.0,-5.0,7070.0,1.0
サーフメディア,5,-5,-1.0,0.0,0.0,0.0,0.0
ザイFX！,3,5,1.6666666666666667,0.0,0.0,0.0,0.0
シアターテイメントNEWS,33,50,1.5151515151515151,4.0,11.0,11619.0,4.0
シティリビングWeb,14,14,1.0,1.0,1.0,2478.0,1.0
シネアナゴヤ,30,23,0.7666666666666667,1.0,1.0,3523.0,1.0
シネマトゥデイ,1568,1775,1.132015306122449,264.0,387.0,3424507.0,133.0
シネママニエラ,3,1,0.3333333333333333,1.0,1.0,15400.0,1.0
シネルフレ,6,6,1.0,0.0,0.0,0.0,0.0
シブヤ経済新聞,12,24,2.0,2.0,5.0,8389.0,2.0
シューズポストオンライン,3,2,0.6666666666666666,0.0,0.0,0.0,0.0
シュートボクシング,1,-1,-1.0,0.0,0.0,0.0,0.0
ショートショート フィルム,3,4,1.3333333333333333,0.0,0.0,0.0,0.0
ジェイタメ,454,378,0.8325991189427313,81.0,67.0,731926.0,63.0
ジェンクシー,3,6,2.0,2.0,4.0,5624.0,2.0
ジモシル宮崎市,1,2,2.0,0.0,0.0,0.0,0.0
ジャパネットたかた,1,1,1.0,0.0,0.0,0.0,0.0
ジュニアアスリート静岡,1,0,0.0,0.0,0.0,0.0,0.0
スイーツパラダイス,1,1,1.0,0.0,0.0,0.0,0.0
スクリーンオンライン,307,400,1.3029315960912051,51.0,78.0,518676.0,32.0
スタジオジブリ,2,3,1.5,0.0,0.0,0.0,0.0
スタジオパーソル,2,3,1.5,0.0,0.0,0.0,0.0
スターダストプロモーション,88,178,2.022727272727273,16.0,24.0,70981.0,15.0
ステラnet,99,121,1.2222222222222223,15.0,17.0,174881.0,13.0
スニーカーウォーズ,1,1,1.0,0.0,0.0,0.0,0.0
スニーカーダンク,3,2,0.6666666666666666,0.0,0.0,0.0,0.0
スポニチ Sponichi Annex,7978,5296,0.6638255201804963,2234.0,1789.0,15788107.0,210.0
スポニチ競馬Web,2,3,1.5,0.0,0.0,0.0,0.0
スポーツソウル日本版,7,4,0.5714285714285714,2.0,2.0,13999.0,2.0
スポーツナビ,8,12,1.5,3.0,6.0,33812.0,3.0
スポーツブル,59,72,1.2203389830508475,8.0,11.0,89372.0,8.0
スポーツ報知,4111,5158,1.2546825589880808,898.0,1153.0,9309019.0,200.0
スマホゲームCH,4,0,0.0,0.0,0.0,0.0,0.0
スムログ,1,-1,-1.0,0.0,0.0,0.0,0.0
セブツー,9,14,1.5555555555555556,5.0,9.0,191193.0,4.0
セレッソ大阪オフィシャルウェブサイト | Cerezo OSAKA,1,0,0.0,0.0,0.0,0.0,0.0
ソニーミュージックオフィシャルサイト,29,38,1.3103448275862069,0.0,0.0,0.0,0.0
ソニー・ミュージックアーティスツ(SMA),36,46,1.2777777777777777,3.0,10.0,31357.0,3.0
ソフトバンク,4,4,1.0,0.0,0.0,0.0,0.0
タイニュース・クロスボンバー,3,4,1.3333333333333333,1.0,0.0,2669.0,1.0
タイランドハイパーリンクス,22,21,0.9545454545454546,1.0,1.0,47431.0,1.0
タウンニュース,33,18,0.5454545454545454,4.0,2.0,9311.0,4.0
タグマ！,49,-23,-0.46938775510204084,3.0,-4.0,18929.0,3.0
タレントパワーランキング,58,47,0.8103448275862069,5.0,6.0,19254.0,5.0
タワーレコード オンライン,338,598,1.7692307692307692,27.0,58.0,512418.0,22.0
タンデムスタイル,1,2,2.0,0.0,0.0,0.0,0.0
ダイヤモンド・オンライン,155,-45,-0.2903225806451613,9.0,-17.0,15744.0,7.0
ダ・ヴィンチWeb,45,53,1.1777777777777778,3.0,6.0,19923.0,3.0
チェ・ブンブンのティーマ,4,-1,-0.25,0.0,0.0,0.0,0.0
ツギノジダイ,1,0,0.0,0.0,0.0,0.0,0.0
テアトルシネマグループ,9,2,0.2222222222222222,0.0,0.0,0.0,0.0
テックインサイト,20,7,0.35,2.0,1.0,13868.0,2.0
テニスクラシック,15,1,0.06666666666666667,6.0,-1.0,33982.0,5.0
テニスマガジンONLINE,9,4,0.4444444444444444,6.0,5.0,65787.0,5.0
テレビ愛知,3,0,0.0,1.0,1.0,814.0,1.0
テレビ朝日,440,329,0.7477272727272727,132.0,108.0,899610.0,84.0
テレビ神奈川,2,1,0.5,1.0,0.0,1106.0,1.0
テレ朝NEWS,20,35,1.75,7.0,11.0,303588.0,7.0
テレ朝POST,1520,1186,0.7802631578947369,424.0,349.0,3225873.0,167.0
ディズニープラス,5,6,1.2,0.0,0.0,0.0,0.0
ディレイマニア,1,0,0.0,0.0,0.0,0.0,0.0
デイリーガジェット,1,-1,-1.0,1.0,-1.0,905.0,1.0
デイリースポーツ,2299,1414,0.6150500217485864,599.0,400.0,6722245.0,192.0
デイリーポータルZ,4,1,0.25,0.0,0.0,0.0,0.0
デイリー新潮,529,-275,-0.5198487712665406,37.0,-14.0,816389.0,28.0
デジカメ Watch,3,2,0.6666666666666666,0.0,0.0,0.0,0.0
デバク,5,0,0.0,0.0,0.0,0.0,0.0
デーリー東北デジタル,14,27,1.9285714285714286,5.0,7.0,510576.0,4.0
トヨタイムズ,1,0,0.0,0.0,0.0,0.0,0.0
トラベル Watch,9,17,1.8888888888888888,0.0,0.0,0.0,0.0
トラベルビジョン,3,4,1.3333333333333333,0.0,0.0,0.0,0.0
トラベルボイス,2,-1,-0.5,0.0,0.0,0.0,0.0
トレンドお届けメディア Trepo,6,11,1.8333333333333333,1.0,2.0,7199.0,1.0
トーキョー女子映画部,35,17,0.4857142857142857,2.0,2.0,18490.0,2.0
ドライバーWeb,1,0,0.0,0.0,0.0,0.0,0.0
ドラゴンボールオフィシャルサイト,1,1,1.0,0.0,0.0,0.0,0.0
ドラ要素＠のもとけ,6,-1,-0.16666666666666666,2.0,4.0,25650.0,2.0
ドリームニュース,8,6,0.75,0.0,0.0,0.0,0.0
ナタリー,5480,6120,1.1167883211678833,712.0,959.0,5615946.0,197.0
ナリナリドットコム,657,380,0.578386605783866,104.0,52.0,1077505.0,73.0
ニコニコニュース,82,48,0.5853658536585366,16.0,17.0,102319.0,10.0
ニコニコ大百科,5,0,0.0,0.0,0.0,0.0,0.0
ニッスイ公式サイト,1,0,0.0,0.0,0.0,0.0,0.0
ニッポン放送 ラジオAM1242+FM93,147,91,0.6190476190476191,10.0,4.0,36446.0,10.0
ニフティニュース,49,54,1.1020408163265305,3.0,5.0,13592.0,3.0
ニュース「奈良の声」,1,1,1.0,0.0,0.0,0.0,0.0
ニュースメディアVOIX,1,1,1.0,0.0,0.0,0.0,0.0
ニュース和歌山,2,2,1.0,0.0,0.0,0.0,0.0
ニューズウィーク日本版 オフィシャルサイト,24,17,0.7083333333333334,0.0,0.0,0.0,0.0
ニューバランス,1,3,3.0,0.0,0.0,0.0,0.0
ネタとぴ,84,64,0.7619047619047619,13.0,17.0,55334.0,13.0
ネタフル,2,3,1.5,1.0,3.0,14219.0,1.0
ネットショップ担当者フォーラム,4,2,0.5,0.0,0.0,0.0,0.0
ハフポスト,182,103,0.5659340659340659,23.0,0.0,481923.0,19.0
バイクのニュース,7,14,2.0,0.0,0.0,0.0,0.0
バイクブロス,1,1,1.0,0.0,0.0,0.0,0.0
バスケットボールキング,10,11,1.1,1.0,2.0,15615.0,1.0
バス比較なび,12,20,1.6666666666666667,8.0,14.0,12153.0,7.0
バタフライ卓球用品,1,-1,-1.0,0.0,0.0,0.0,0.0
バトル・ニュース,11,-3,-0.2727272727272727,0.0,0.0,0.0,0.0
バドミントン スピリット,3,2,0.6666666666666666,0.0,0.0,0.0,0.0
バレーボールマガジン,3,0,0.0,0.0,0.0,0.0,0.0
バンクーバー経済新聞,1,-1,-1.0,0.0,0.0,0.0,0.0
パチマックス,1,-1,-1.0,0.0,0.0,0.0,0.0
パラサポWEB,3,6,2.0,0.0,0.0,0.0,0.0
パ・リーグ.com,18,9,0.5,2.0,-1.0,14126.0,2.0
ビジネス+IT,3,0,0.0,0.0,0.0,0.0,0.0
ビジネスジャーナル,3,-2,-0.6666666666666666,0.0,0.0,0.0,0.0
ピザハット,4,2,0.5,2.0,2.0,7181.0,2.0
ピンズバNEWS,1086,-497,-0.4576427255985267,94.0,-53.0,963555.0,36.0
ファッションプレス,327,360,1.1009174311926606,14.0,25.0,154240.0,12.0
ファミ通,99,138,1.393939393939394,16.0,28.0,157731.0,14.0
フィギュアスケートYouTube 動画Blog,3,10,3.3333333333333335,1.0,5.0,4585.0,1.0
フィギュアスケート速報,1,0,0.0,0.0,0.0,0.0,0.0
フィデリティ投信,1,2,2.0,0.0,0.0,0.0,0.0
フィールドキャスター,25,33,1.32,2.0,2.0,3993.0,2.0
フクオカーノ！,2,4,2.0,0.0,0.0,0.0,0.0
フットボールチャンネル,1,-1,-1.0,0.0,0.0,0.0,0.0
フリュー株式会社,1,0,0.0,0.0,0.0,0.0,0.0
フリー株式会社,1,0,0.0,0.0,0.0,0.0,0.0
フロントロウ,14,6,0.42857142857142855,1.0,1.0,57752.0,1.0
フードウイークリーWEB,28,17,0.6071428571428571,3.0,0.0,7267.0,3.0
フードスタジアム,3,5,1.6666666666666667,0.0,0.0,0.0,0.0
フードファン！,1,-1,-1.0,0.0,0.0,0.0,0.0
ブラックラムズ東京,1,0,0.0,0.0,0.0,0.0,0.0
ブンロク,3,3,1.0,0.0,0.0,0.0,0.0
ブームスポーツ編集局,12,11,0.9166666666666666,2.0,1.0,4805.0,2.0
プリント&プロモーション,1,0,0.0,0.0,0.0,0.0,0.0
プロレスTODAY,5,1,0.2,1.0,-1.0,5919.0,1.0
ベガルタ仙台オフィシャルサイト,1,0,0.0,0.0,0.0,0.0,0.0
ベネッセ教育情報,2,2,1.0,0.0,0.0,0.0,0.0
ベースボールチャンネル,4,2,0.5,0.0,0.0,0.0,0.0
ベースボール･マガジン社,6,10,1.6666666666666667,0.0,0.0,0.0,0.0
ペイメントナビ,5,8,1.6,0.0,0.0,0.0,0.0
ホミニス,647,448,0.6924265842349304,31.0,22.0,374829.0,28.0
ホラー通信,4,0,0.0,0.0,0.0,0.0,0.0
ホロライブ公式サイト,1,1,1.0,0.0,0.0,0.0,0.0
ホームズ,8,0,0.0,0.0,0.0,0.0,0.0
ボクシングモバイル,3,1,0.3333333333333333,0.0,0.0,0.0,0.0
ポケットモンスターオフィシャルサイト,1,0,0.0,0.0,0.0,0.0,0.0
ポケモンユナイト,1,0,0.0,0.0,0.0,0.0,0.0
ポニーキャニオン,2,2,1.0,0.0,0.0,0.0,0.0
マイナビウーマン,122,149,1.221311475409836,7.0,8.0,60314.0,5.0
マイナビニュース,2351,2035,0.8655891110165886,427.0,421.0,3068282.0,171.0
マイナビ子育て,62,49,0.7903225806451613,8.0,8.0,14059.0,7.0
マイベスト,3,1,0.3333333333333333,0.0,0.0,0.0,0.0
マイライフニュース,4,5,1.25,0.0,0.0,0.0,0.0
マガポケ,2,2,1.0,0.0,0.0,0.0,0.0
マクドナルド,24,-1,-0.041666666666666664,3.0,0.0,12982.0,3.0
マグミクス,51,19,0.37254901960784315,3.0,-2.0,24309.0,3.0
マテリアルフロー･プラス,1,1,1.0,0.0,0.0,0.0,0.0
マネクリ,1,1,1.0,0.0,0.0,0.0,0.0
マネーポストWEB,8,3,0.375,1.0,1.0,1036.0,1.0
マピオン,37,52,1.4054054054054055,6.0,8.0,29693.0,6.0
ママリ,5,6,1.2,0.0,0.0,0.0,0.0
ミルトモ,2,1,0.5,1.0,1.0,5751.0,1.0
ムビコレ,251,207,0.8247011952191236,19.0,26.0,146680.0,15.0
ムーミン公式サイト,2,2,1.0,0.0,0.0,0.0,0.0
メディカルドック,2,1,0.5,0.0,0.0,0.0,0.0
モダンリビング デジタル,2,-1,-0.5,0.0,0.0,0.0,0.0
モデルプレス,5704,4619,0.8097826086956522,1042.0,1003.0,8216713.0,197.0
モーサイ,1,2,2.0,0.0,0.0,0.0,0.0
ヤングマシン,3,-6,-2.0,0.0,0.0,0.0,0.0
ヨコハマ経済新聞,4,4,1.0,1.0,2.0,2608.0,1.0
ヨネックス(YONEX),2,1,0.5,0.0,0.0,0.0,0.0
ライフハッカー・ジャパン,2,0,0.0,0.0,0.0,0.0,0.0
ライブドアニュース,1084,683,0.6300738007380073,196.0,118.0,2848380.0,121.0
ラクス,2,1,0.5,0.0,0.0,0.0,0.0
ラグビーリパブリック,14,21,1.5,1.0,2.0,1341.0,1.0
ラブすぽ,1,-1,-1.0,0.0,0.0,0.0,0.0
ランキングー！,482,287,0.5954356846473029,31.0,17.0,108270.0,27.0
ランランエンタメ！,206,226,1.0970873786407767,26.0,33.0,91107.0,22.0
リアルエコノミー,4,2,0.5,0.0,0.0,0.0,0.0
リアルサウンド,2718,3041,1.1188373804267844,410.0,564.0,4051143.0,163.0
リアルライブ,132,-96,-0.7272727272727273,12.0,-3.0,105456.0,12.0
リアル脱出ゲーム,5,0,0.0,0.0,0.0,0.0,0.0
リセマム,3,3,1.0,0.0,0.0,0.0,0.0
リテール・リーダーズ,1,2,2.0,0.0,0.0,0.0,0.0
リノート,1,-1,-1.0,0.0,0.0,0.0,0.0
リンネル.jp,24,12,0.5,1.0,0.0,2843.0,1.0
ルアマガプラス,7,5,0.7142857142857143,0.0,0.0,0.0,0.0
レスポンス（Response.jp）,15,8,0.5333333333333333,2.0,-1.0,143426.0,2.0
レッツエンジョイ東京,9,12,1.3333333333333333,1.0,2.0,9459.0,1.0
レバレジーズ株式会社,2,3,1.5,1.0,1.0,9286.0,1.0
ロケットニュース24,17,-3,-0.17647058823529413,0.0,0.0,0.0,0.0
ロボスタ,5,4,0.8,0.0,0.0,0.0,0.0
ワーナーブラザース・ディスカバリー・ジャパン,1,2,2.0,0.0,0.0,0.0,0.0
ヴィアティン三重,1,-1,-1.0,0.0,0.0,0.0,0.0
ヴィッセル神戸,1,2,2.0,0.0,0.0,0.0,0.0
三月の転校生,17,-5,-0.29411764705882354,1.0,0.0,1133.0,1.0
三菱電機 オフィシャルサイト,1,0,0.0,0.0,0.0,0.0,0.0
三郷ぐらし,4,4,1.0,1.0,2.0,6117.0,1.0
上毛新聞電子版,34,29,0.8529411764705882,0.0,0.0,0.0,0.0
下野新聞社,29,28,0.9655172413793104,3.0,0.0,28953.0,2.0
世田谷パブリックシアター,1,2,2.0,0.0,0.0,0.0,0.0
中古車のガリバー,1,2,2.0,0.0,0.0,0.0,0.0
中国新聞デジタル,23,27,1.173913043478261,2.0,0.0,4281.0,2.0
中日BIZナビ,1,-1,-1.0,0.0,0.0,0.0,0.0
中日ドラゴンズ オフィシャルウェブサイト,1,1,1.0,1.0,1.0,2117.0,1.0
中日新聞Web,2826,2816,0.9964614295824487,696.0,756.0,7320222.0,177.0
中野経済新聞,3,1,0.3333333333333333,0.0,0.0,0.0,0.0
丹波新聞,3,1,0.3333333333333333,0.0,0.0,0.0,0.0
乃木坂46公式サイト,25,15,0.6,3.0,3.0,17545.0,3.0
久留米ファン,73,18,0.2465753424657534,11.0,9.0,35913.0,9.0
乗りものニュース,5,-3,-0.6,1.0,-3.0,3029.0,1.0
二子玉川経済新聞,1,0,0.0,0.0,0.0,0.0,0.0
京都のお墨付き！,1,-1,-1.0,0.0,0.0,0.0,0.0
京都新聞デジタル,3,4,1.3333333333333333,0.0,0.0,0.0,0.0
京都民報Web,1,1,1.0,0.0,0.0,0.0,0.0
人民網日本語版,2,2,1.0,0.0,0.0,0.0,0.0
介護ポストセブン,23,11,0.4782608695652174,2.0,1.0,48745.0,2.0
仙台89ERS,1,0,0.0,0.0,0.0,0.0,0.0
仙台経済新聞,6,11,1.8333333333333333,1.0,3.0,16260.0,1.0
伊勢志摩経済新聞,1,2,2.0,0.0,0.0,0.0,0.0
伊藤園 企業情報,3,3,1.0,0.0,0.0,0.0,0.0
伊豆下田経済新聞,1,1,1.0,0.0,0.0,0.0,0.0
伊賀FCくノ一三重,2,0,0.0,0.0,0.0,0.0,0.0
伊賀タウン情報 YOU,1,1,1.0,0.0,0.0,0.0,0.0
住宅新報web,2,3,1.5,1.0,1.0,9553.0,1.0
住宅産業新聞,1,1,1.0,1.0,1.0,2052.0,1.0
佐賀新聞,3,0,0.0,0.0,0.0,0.0,0.0
佐賀経済新聞,2,0,0.0,0.0,0.0,0.0,0.0
価格.comマガジン,1,-1,-1.0,0.0,0.0,0.0,0.0
信濃毎日新聞デジタル,51,74,1.4509803921568627,18.0,8.0,645824.0,17.0
健美家,1,1,1.0,0.0,0.0,0.0,0.0
全国郷土紙連合,14,25,1.7857142857142858,2.0,4.0,38345.0,2.0
八王子ジャーニー,4,7,1.75,0.0,0.0,0.0,0.0
八王子経済新聞,1,0,0.0,0.0,0.0,0.0,0.0
公明党,3,1,0.3333333333333333,0.0,0.0,0.0,0.0
公益社団法人 日本プロゴルフ協会,1,2,2.0,0.0,0.0,0.0,0.0
公益財団法人日本サッカー協会,1,0,0.0,1.0,0.0,2521.0,1.0
共同通信PRワイヤー,56,57,1.0178571428571428,5.0,4.0,19607.0,5.0
円谷ステーション,8,12,1.5,0.0,0.0,0.0,0.0
函館経済新聞,1,1,1.0,0.0,0.0,0.0,0.0
函館観光,1,0,0.0,0.0,0.0,0.0,0.0
加古川経済新聞,2,0,0.0,0.0,0.0,0.0,0.0
北九州ノコト,3,3,1.0,1.0,2.0,1846.0,1.0
北國新聞,2,0,0.0,0.0,0.0,0.0,0.0
北日本新聞webunプラス,2,4,2.0,0.0,0.0,0.0,0.0
北海道Likers,3,0,0.0,0.0,0.0,0.0,0.0
北海道新聞デジタル,7,7,1.0,0.0,0.0,0.0,0.0
北海道日本ハムファイターズ,2,2,1.0,0.0,0.0,0.0,0.0
医学書院,1,-1,-1.0,0.0,0.0,0.0,0.0
医薬通信社,2,2,1.0,0.0,0.0,0.0,0.0
十勝毎日新聞,12,15,1.25,1.0,0.0,2989.0,1.0
十日町市観光協会,2,2,1.0,1.0,2.0,9856.0,1.0
千葉ジェッツ,4,1,0.25,1.0,2.0,15615.0,1.0
千葉テレビ放送,5,2,0.4,2.0,2.0,12975.0,2.0
千葉ロッテマリーンズ,1,-1,-1.0,0.0,0.0,0.0,0.0
千葉市,1,0,0.0,0.0,0.0,0.0,0.0
千葉日報オンライン,6,3,0.5,1.0,1.0,90878.0,1.0
卓球メディア｜Rallys,5,-3,-0.6,1.0,-5.0,1707.0,1.0
南三陸さんさん商店街,2,1,0.5,0.0,0.0,0.0,0.0
南日本新聞,21,54,2.5714285714285716,1.0,4.0,6246.0,1.0
占いCOLLECTION,9,-4,-0.4444444444444444,0.0,0.0,0.0,0.0
占いTVニュース,7,-6,-0.8571428571428571,2.0,0.0,4920.0,1.0
台北経済新聞,1,1,1.0,1.0,1.0,2339.0,1.0
号外NET 一宮市,2,3,1.5,0.0,0.0,0.0,0.0
号外NET 四日市市,3,4,1.3333333333333333,0.0,0.0,0.0,0.0
号外NET 太田市,1,2,2.0,0.0,0.0,0.0,0.0
号外NET 奈良市,3,5,1.6666666666666667,0.0,0.0,0.0,0.0
号外NET 宇都宮市,3,5,1.6666666666666667,0.0,0.0,0.0,0.0
号外NET 岡山市,1,-1,-1.0,0.0,0.0,0.0,0.0
号外NET 日野市,1,2,2.0,1.0,2.0,5844.0,1.0
号外NET 春日部市,2,1,0.5,0.0,0.0,0.0,0.0
号外NET 東大阪市,1,1,1.0,0.0,0.0,0.0,0.0
号外NET 江東区,2,2,1.0,0.0,0.0,0.0,0.0
号外NET 津市,2,2,1.0,0.0,0.0,0.0,0.0
号外NET 目黒区,1,-1,-1.0,0.0,0.0,0.0,0.0
号外NET 豊中市,1,2,2.0,0.0,0.0,0.0,0.0
号外NET 豊田市,3,4,1.3333333333333333,0.0,0.0,0.0,0.0
名古屋グランパス公式サイト,2,0,0.0,0.0,0.0,0.0,0.0
名古屋ダイヤモンドドルフィンズ,1,0,0.0,0.0,0.0,0.0,0.0
名古屋情報通,2,4,2.0,0.0,0.0,0.0,0.0
名駅経済新聞,2,3,1.5,0.0,0.0,0.0,0.0
周南経済新聞,1,2,2.0,0.0,0.0,0.0,0.0
味の素AGF株式会社,1,2,2.0,0.0,0.0,0.0,0.0
和歌山経済新聞,9,14,1.5555555555555556,1.0,0.0,1790.0,1.0
品川経済新聞,1,2,2.0,0.0,0.0,0.0,0.0
四国新聞,6,8,1.3333333333333333,2.0,7.0,210534.0,2.0
四季報オンライン,6,-2,-0.3333333333333333,0.0,0.0,0.0,0.0
国際商業オンライン,13,23,1.7692307692307692,0.0,0.0,0.0,0.0
地域ニュースサイト号外NET,46,52,1.1304347826086956,3.0,3.0,24558.0,3.0
地球の歩き方,2,4,2.0,0.0,0.0,0.0,0.0
埼玉サッカー通信,2,3,1.5,0.0,0.0,0.0,0.0
埼玉新聞,3,2,0.6666666666666666,0.0,0.0,0.0,0.0
埼玉新聞社 高校受験ナビ,1,1,1.0,0.0,0.0,0.0,0.0
埼玉栄中学・高等学校,2,3,1.5,0.0,0.0,0.0,0.0
多摩ポン,3,4,1.3333333333333333,1.0,1.0,2457.0,1.0
大人のための音楽,1,-1,-1.0,0.0,0.0,0.0,0.0
大宮アルディージャ,3,3,1.0,1.0,1.0,2558.0,1.0
大森・蒲田つーしん,1,0,0.0,0.0,0.0,0.0,0.0
大阪キタじゃーなる,1,3,3.0,0.0,0.0,0.0,0.0
大阪ミナミじゃーなる,2,3,1.5,0.0,0.0,0.0,0.0
天神経済新聞,4,5,1.25,0.0,0.0,0.0,0.0
奄美新聞,8,5,0.625,0.0,0.0,0.0,0.0
奈良クラブ,1,0,0.0,0.0,0.0,0.0,0.0
奈良新聞,4,9,2.25,0.0,0.0,0.0,0.0
女の転職,9,10,1.1111111111111112,0.0,0.0,0.0,0.0
女子SPA!,123,67,0.5447154471544715,12.0,0.0,110683.0,9.0
女性セブンプラス,31,18,0.5806451612903226,2.0,2.0,5151.0,2.0
女性自身,585,-183,-0.3128205128205128,104.0,-38.0,1565904.0,67.0
好書好日,20,24,1.2,6.0,8.0,41931.0,6.0
姫路の種,10,4,0.4,0.0,0.0,0.0,0.0
姫路経済新聞,1,-1,-1.0,0.0,0.0,0.0,0.0
婦人公論.jp,172,176,1.0232558139534884,42.0,62.0,762567.0,27.0
婦人画報デジタル,63,19,0.30158730158730157,1.0,-1.0,1126.0,1.0
宝塚歌劇公式ホームページ,1,0,0.0,0.0,0.0,0.0,0.0
宣伝会議,54,52,0.9629629629629629,1.0,1.0,2130.0,1.0
宮崎日日新聞,5,6,1.2,0.0,0.0,0.0,0.0
宮田 理江,10,10,1.0,0.0,0.0,0.0,0.0
家電 Watch,6,1,0.16666666666666666,1.0,2.0,1239.0,1.0
寝屋川つーしん,4,6,1.5,0.0,0.0,0.0,0.0
小田原箱根経済新聞,2,0,0.0,0.0,0.0,0.0,0.0
山と溪谷オンライン,1,1,1.0,0.0,0.0,0.0,0.0
山口新聞 電子版,5,3,0.6,1.0,2.0,33.0,1.0
山陰中央新報デジタル,14,14,1.0,1.0,2.0,10299.0,1.0
岐阜新聞デジタル,46,52,1.1304347826086956,7.0,11.0,57514.0,5.0
岡山経済新聞,1,0,0.0,0.0,0.0,0.0,0.0
岡崎にゅーす,1,1,1.0,0.0,0.0,0.0,0.0
岩下食品,4,3,0.75,1.0,2.0,2797.0,1.0
岩手県 花巻温泉郷,2,0,0.0,0.0,0.0,0.0,0.0
島根県立矢上高等学校,2,2,1.0,0.0,0.0,0.0,0.0
川口マガジン,12,13,1.0833333333333333,0.0,0.0,0.0,0.0
川崎ブレイブサンダース,2,3,1.5,0.0,0.0,0.0,0.0
市ケ谷経済新聞,4,5,1.25,0.0,0.0,0.0,0.0
幻冬舎plus,9,6,0.6666666666666666,0.0,0.0,0.0,0.0
広島ドラゴンフライズ,2,6,3.0,0.0,0.0,0.0,0.0
広島ニュース 食べタインジャー,4,6,1.5,1.0,1.0,39758.0,1.0
広島経済新聞,2,0,0.0,0.0,0.0,0.0,0.0
建設通信新聞,4,1,0.25,0.0,0.0,0.0,0.0
弁護士JP,1,-1,-1.0,0.0,0.0,0.0,0.0
弁護士法人橋下綜合法律事務所,1,-3,-3.0,0.0,0.0,0.0,0.0
弘前経済新聞,1,1,1.0,0.0,0.0,0.0,0.0
徳島新聞デジタル,10,12,1.2,1.0,1.0,2165.0,1.0
徳島経済新聞,1,0,0.0,0.0,0.0,0.0,0.0
恵比寿発,1,1,1.0,0.0,0.0,0.0,0.0
惑星ハニューにようこそ,1,2,2.0,0.0,0.0,0.0,0.0
愛媛FC公式サイト【EHIME FC OFFICIAL SITE】,2,-1,-0.5,0.0,0.0,0.0,0.0
愛媛新聞,7,5,0.7142857142857143,0.0,0.0,0.0,0.0
慶應スポーツ新聞会,1,0,0.0,0.0,0.0,0.0,0.0
推しごと,27,41,1.5185185185185186,3.0,6.0,7990.0,3.0
攻城団,1,1,1.0,0.0,0.0,0.0,0.0
攻略大百科,1,-2,-2.0,0.0,0.0,0.0,0.0
教育家庭新聞社,1,1,1.0,1.0,1.0,894.0,1.0
文マガ,3,0,0.0,0.0,0.0,0.0,0.0
文化放送,502,213,0.4243027888446215,55.0,34.0,174511.0,45.0
文春オンライン,1095,-768,-0.7013698630136986,190.0,-154.0,1578768.0,84.0
料理通信,1,1,1.0,0.0,0.0,0.0,0.0
新R25 Media,9,12,1.3333333333333333,2.0,4.0,14936.0,2.0
新しい地図,96,166,1.7291666666666667,4.0,6.0,13599.0,4.0
新周南新聞社,1,2,2.0,0.0,0.0,0.0,0.0
新潟チラシマガジン,7,3,0.42857142857142855,0.0,0.0,0.0,0.0
旅やか広島,3,6,2.0,0.0,0.0,0.0,0.0
日テレNEWS NNN,858,665,0.7750582750582751,186.0,156.0,2324247.0,101.0
日刊CJ Monmo Web,2,1,0.5,0.0,0.0,0.0,0.0
日刊Lazuda,3,7,2.3333333333333335,1.0,2.0,1762.0,1.0
日刊SPA!,18,-9,-0.5,1.0,2.0,8119.0,1.0
日刊にいがたwebタウン情報,10,10,1.0,0.0,0.0,0.0,0.0
日刊エンタメクリップ,275,397,1.4436363636363636,37.0,63.0,241720.0,33.0
日刊ゲンダイDIGITAL,751,-200,-0.2663115845539281,76.0,-25.0,1235265.0,57.0
日刊工業新聞,1,2,2.0,0.0,0.0,0.0,0.0
日刊自動車新聞 電子版,3,1,0.3333333333333333,0.0,0.0,0.0,0.0
日本M&Aセンター,1,1,1.0,0.0,0.0,0.0,0.0
日本ケンタッキー・フライド・チキン株式会社,1,2,2.0,0.0,0.0,0.0,0.0
日本ゴルフツアー機構,1,-2,-2.0,0.0,0.0,0.0,0.0
日本テレビ,1464,1438,0.98224043715847,397.0,433.0,3076471.0,154.0
日本ネット経済新聞,8,11,1.375,0.0,0.0,0.0,0.0
日本女子プロゴルフ協会,1,-1,-1.0,0.0,0.0,0.0,0.0
日本新聞協会,1,0,0.0,0.0,0.0,0.0,0.0
日本橋経済新聞,1,1,1.0,0.0,0.0,0.0,0.0
日本経済新聞,100,139,1.39,25.0,28.0,1138408.0,22.0
日本財団,1,1,1.0,0.0,0.0,0.0,0.0
日本赤十字社,3,4,1.3333333333333333,0.0,0.0,0.0,0.0
日本通運,1,5,5.0,0.0,0.0,0.0,0.0
日本食糧新聞・電子版,8,7,0.875,0.0,0.0,0.0,0.0
日流ウェブ,2,2,1.0,0.0,0.0,0.0,0.0
日立製作所,1,0,0.0,0.0,0.0,0.0,0.0
日経BOOKプラス,6,7,1.1666666666666667,0.0,0.0,0.0,0.0
日経BP,2,-1,-0.5,0.0,0.0,0.0,0.0
日経BizGate,1,2,2.0,0.0,0.0,0.0,0.0
日経Gooday,10,3,0.3,1.0,-1.0,2308.0,1.0
日経xwoman：クロスウーマン,84,18,0.21428571428571427,9.0,7.0,41798.0,8.0
日経イベント＆セミナー,1,-1,-1.0,0.0,0.0,0.0,0.0
日経クロステック,8,-1,-0.125,0.0,0.0,0.0,0.0
日経クロストレンド,105,114,1.0857142857142856,9.0,13.0,48121.0,8.0
日経ビジネス電子版,11,-3,-0.2727272727272727,0.0,0.0,0.0,0.0
日経メディカル,1,0,0.0,0.0,0.0,0.0,0.0
日高新報,7,-5,-0.7142857142857143,0.0,0.0,0.0,0.0
明石じゃーなる,3,4,1.3333333333333333,0.0,0.0,0.0,0.0
映画.com,935,944,1.0096256684491978,100.0,150.0,1430991.0,68.0
映画の時間,71,45,0.6338028169014085,2.0,2.0,12969.0,2.0
映画ランド,8,8,1.0,0.0,0.0,0.0,0.0
映画情報どっとこむ,74,66,0.8918918918918919,8.0,10.0,33848.0,8.0
春日部経済新聞,4,3,0.75,0.0,0.0,0.0,0.0
時事ドットコム,9,4,0.4444444444444444,0.0,0.0,0.0,0.0
時事メディカル,1,-1,-1.0,0.0,0.0,0.0,0.0
時事通信ニュース,24,13,0.5416666666666666,2.0,3.0,12366.0,2.0
時遊zine,3,4,1.3333333333333333,1.0,1.0,2052.0,1.0
月バレ.com,2,1,0.5,0.0,0.0,0.0,0.0
月刊バスケットボール,6,2,0.3333333333333333,1.0,0.0,4662.0,1.0
月刊ユベントス,2,-10,-5.0,0.0,0.0,0.0,0.0
月刊自家用車WEB,1,1,1.0,0.0,0.0,0.0,0.0
月刊陸上競技,3,0,0.0,0.0,0.0,0.0,0.0
朝日ファミリー,2,2,1.0,1.0,2.0,24991.0,1.0
朝日放送,51,2,0.0392156862745098,9.0,4.0,36505.0,9.0
朝日新聞,687,473,0.6885007278020379,120.0,78.0,2369261.0,66.0
朝日新聞GLOBE＋,8,-1,-0.125,0.0,0.0,0.0,0.0
朝鮮日報,6,10,1.6666666666666667,2.0,3.0,6623.0,1.0
木下グループ,1,0,0.0,0.0,0.0,0.0,0.0
本の話,14,4,0.2857142857142857,1.0,2.0,1253.0,1.0
札幌市,6,6,1.0,0.0,0.0,0.0,0.0
札幌経済新聞,2,1,0.5,0.0,0.0,0.0,0.0
東スポWEB,229,-94,-0.4104803493449782,51.0,-27.0,625232.0,41.0
東スポWeb,201,-70,-0.3482587064676617,56.0,-8.0,671142.0,45.0
東スポ競馬,6,3,0.5,1.0,1.0,1384.0,1.0
東京すくすく,1,1,1.0,0.0,0.0,0.0,0.0
東京カレンダー,25,30,1.2,2.0,4.0,39876.0,2.0
東京グレートベアーズ公式サイト,1,0,0.0,0.0,0.0,0.0,0.0
東京シティ競馬,12,13,1.0833333333333333,1.0,1.0,5081.0,1.0
東京バーゲンマニア,18,24,1.3333333333333333,0.0,0.0,0.0,0.0
東京ヤクルトスワローズ,2,3,1.5,0.0,0.0,0.0,0.0
東京ヴェルディ,2,0,0.0,0.0,0.0,0.0,0.0
東京八王子ビートレインズ,1,0,0.0,0.0,0.0,0.0,0.0
東京新聞デジタル,106,150,1.4150943396226414,8.0,17.0,193516.0,8.0
東北学院大学,1,0,0.0,0.0,0.0,0.0,0.0
東北新社,1,2,2.0,0.0,0.0,0.0,0.0
東北楽天ゴールデンイーグルス,8,8,1.0,3.0,2.0,21987.0,3.0
東大新聞オンライン,3,0,0.0,0.0,0.0,0.0,0.0
東大阪経済新聞,1,0,0.0,0.0,0.0,0.0,0.0
東奥日報社,1,-1,-1.0,0.0,0.0,0.0,0.0
東宝芸能株式会社,78,117,1.5,14.0,26.0,160699.0,13.0
東映アニメーション,3,1,0.3333333333333333,1.0,0.0,2988.0,1.0
東映特撮ファンクラブ,24,34,1.4166666666666667,2.0,2.0,1236.0,1.0
東洋経済オンライン,72,11,0.1527777777777778,9.0,-6.0,213649.0,8.0
東灘ジャーナル,1,2,2.0,0.0,0.0,0.0,0.0
松本山雅FC,1,-1,-1.0,0.0,0.0,0.0,0.0
松竹株式会社,10,10,1.0,3.0,2.0,22003.0,2.0
板橋経済新聞,2,0,0.0,0.0,0.0,0.0,0.0
枚方つーしん,15,16,1.0666666666666667,1.0,-1.0,5844.0,1.0
栃木SC,1,0,0.0,0.0,0.0,0.0,0.0
株式会社 アミューズ,2,4,2.0,1.0,1.0,9999.0,1.0
株式会社 明治,1,0,0.0,0.0,0.0,0.0,0.0
株式会社DONUTS,7,4,0.5714285714285714,1.0,0.0,2291.0,1.0
株式会社LIFULL,2,2,1.0,1.0,1.0,15325.0,1.0
株式会社MTG,1,-1,-1.0,0.0,0.0,0.0,0.0
株式会社SKIYAKI,3,7,2.3333333333333335,0.0,0.0,0.0,0.0
株式会社Tixplus,1,5,5.0,0.0,0.0,0.0,0.0
株式会社W TOKYO,5,6,1.2,0.0,0.0,0.0,0.0
株式会社ZOZO,3,2,0.6666666666666666,0.0,0.0,0.0,0.0
株式会社クラレ,2,1,0.5,0.0,0.0,0.0,0.0
株式会社クロックワークス,1,1,1.0,0.0,0.0,0.0,0.0
"株式会社タイミー(Timee, Inc.)",1,2,2.0,0.0,0.0,0.0,0.0
株式会社トーハン,2,1,0.5,0.0,0.0,0.0,0.0
株式会社ビデオリサーチ,17,8,0.47058823529411764,0.0,0.0,0.0,0.0
株式会社ピクス,2,4,2.0,0.0,0.0,0.0,0.0
株式会社ベルーナ,2,3,1.5,0.0,0.0,0.0,0.0
株式会社メルカリ,5,7,1.4,0.0,0.0,0.0,0.0
株式会社リクルート,13,16,1.2307692307692308,0.0,0.0,0.0,0.0
株式会社出前館,1,2,2.0,0.0,0.0,0.0,0.0
株式会社旅行新聞新社,2,-1,-0.5,0.0,0.0,0.0,0.0
梅田経済新聞,6,12,2.0,0.0,0.0,0.0,0.0
森永製菓株式会社,5,6,1.2,0.0,0.0,0.0,0.0
横手経済新聞,1,0,0.0,0.0,0.0,0.0,0.0
横浜DeNAベイスターズ,5,4,0.8,0.0,0.0,0.0,0.0
横浜FCオフィシャルウェブサイト,3,5,1.6666666666666667,0.0,0.0,0.0,0.0
横浜F・マリノス 公式サイト,1,-1,-1.0,0.0,0.0,0.0,0.0
横浜日吉新聞,2,1,0.5,0.0,0.0,0.0,0.0
歌舞伎美人,36,50,1.3888888888888888,4.0,6.0,4281.0,4.0
毎日キレイ,2110,911,0.4317535545023697,344.0,300.0,4327174.0,157.0
毎日新聞,312,418,1.3397435897435896,77.0,85.0,1406974.0,45.0
池袋経済新聞,1,-1,-1.0,0.0,0.0,0.0,0.0
沖縄タイムス社,37,31,0.8378378378378378,5.0,3.0,318297.0,5.0
沖縄美ら海水族館,1,2,2.0,0.0,0.0,0.0,0.0
河北新報オンライン,11,14,1.2727272727272727,0.0,0.0,0.0,0.0
沼津経済新聞,2,4,2.0,0.0,0.0,0.0,0.0
法学館憲法研究所,3,0,0.0,0.0,0.0,0.0,0.0
波伝説 サーフィン波情報,1,0,0.0,0.0,0.0,0.0,0.0
洛タイ新報,1,0,0.0,0.0,0.0,0.0,0.0
津山朝日新聞社,5,4,0.8,1.0,-1.0,748.0,1.0
流通ニュース,6,10,1.6666666666666667,0.0,0.0,0.0,0.0
浅井企画,4,2,0.5,0.0,0.0,0.0,0.0
浦和レッドダイヤモンズ公式サイト,1,0,0.0,0.0,0.0,0.0,0.0
海外ドラマNAVI,96,65,0.6770833333333334,5.0,5.0,8300.0,5.0
湘南人,1,1,1.0,2.0,2.0,17992.0,2.0
滋賀レイクス,1,2,2.0,0.0,0.0,0.0,0.0
演劇メディアAudience,31,52,1.6774193548387097,2.0,5.0,12199.0,2.0
激ロック,11,0,0.0,1.0,0.0,7820.0,1.0
熊本日日新聞社,10,14,1.4,0.0,0.0,0.0,0.0
熊谷経済新聞,5,7,1.4,0.0,0.0,0.0,0.0
熊谷観光局,3,3,1.0,1.0,1.0,4072.0,1.0
熱海経済新聞,2,2,1.0,0.0,0.0,0.0,0.0
現代ビジネス,651,43,0.06605222734254992,83.0,18.0,420499.0,39.0
琉球ゴールデンキングス,1,0,0.0,0.0,0.0,0.0,0.0
琉球新報デジタル,20,8,0.4,0.0,0.0,0.0,0.0
生活協同組合コープさっぽろ,1,2,2.0,0.0,0.0,0.0,0.0
産経ニュース,323,393,1.21671826625387,77.0,97.0,1509147.0,59.0
留学プレス,1,-1,-1.0,0.0,0.0,0.0,0.0
盛岡経済新聞,3,1,0.3333333333333333,0.0,0.0,0.0,0.0
相模女子大学,1,1,1.0,0.0,0.0,0.0,0.0
知っ得レシピ,60,16,0.26666666666666666,2.0,2.0,10745.0,2.0
知財図鑑,1,-1,-1.0,0.0,0.0,0.0,0.0
社交ダンス情報総合サイト ダンスビュウ,2,3,1.5,0.0,0.0,0.0,0.0
神戸ジャーナル,20,21,1.05,3.0,6.0,9671.0,2.0
神戸新聞,108,95,0.8796296296296297,12.0,18.0,120903.0,12.0
神戸経済新聞,3,2,0.6666666666666666,0.0,0.0,0.0,0.0
福テレ,1,1,1.0,0.0,0.0,0.0,0.0
福井放送,1,0,0.0,0.0,0.0,0.0,0.0
福井新聞社,8,10,1.25,2.0,0.0,2092.0,2.0
福井経済新聞,1,2,2.0,0.0,0.0,0.0,0.0
福岡の高校野球,1,0,0.0,0.0,0.0,0.0,0.0
福岡ふかぼりメディア ささっとー,6,2,0.3333333333333333,0.0,0.0,0.0,0.0
福岡ソフトバンクホークス,3,3,1.0,0.0,0.0,0.0,0.0
福島民報社,5,0,0.0,2.0,0.0,1093.0,2.0
福島経済新聞,1,-1,-1.0,0.0,0.0,0.0,0.0
秋田経済新聞,4,-1,-0.25,0.0,0.0,0.0,0.0
秋田魁新報電子版,1,2,2.0,0.0,0.0,0.0,0.0
窓の杜,2,0,0.0,0.0,0.0,0.0,0.0
立川経済新聞,28,-30,-1.0714285714285714,3.0,-10.0,7154.0,3.0
立憲民主党,3,-1,-0.3333333333333333,0.0,0.0,0.0,0.0
競艇マクール,13,-8,-0.6153846153846154,2.0,-2.0,3222.0,2.0
競馬のおはなし,6,5,0.8333333333333334,3.0,1.0,8687.0,2.0
競馬予想のウマニティ,1,-1,-1.0,0.0,0.0,0.0,0.0
笹川スポーツ財団,1,0,0.0,0.0,0.0,0.0,0.0
筑後いこい,3,5,1.6666666666666667,3.0,5.0,9504.0,2.0
紀伊國屋書店ウェブストア,8,10,1.25,0.0,0.0,0.0,0.0
紀伊民報AGARA,4,3,0.75,0.0,0.0,0.0,0.0
経済効果.NET,1,3,3.0,0.0,0.0,0.0,0.0
経済界ウェブ,3,2,0.6666666666666666,0.0,0.0,0.0,0.0
繊研新聞,9,16,1.7777777777777777,0.0,0.0,0.0,0.0
美的,91,113,1.2417582417582418,10.0,7.0,71763.0,10.0
美術展ナビ,28,60,2.142857142857143,9.0,21.0,63798.0,7.0
美術手帖,7,10,1.4285714285714286,0.0,0.0,0.0,0.0
美術館・アート情報,1,0,0.0,0.0,0.0,0.0,0.0
耳マン,1,0,0.0,0.0,0.0,0.0,0.0
聯合ニュース,3,4,1.3333333333333333,1.0,3.0,6623.0,1.0
自由が丘経済新聞,1,1,1.0,2.0,2.0,10910.0,2.0
致知出版社,1,3,3.0,0.0,0.0,0.0,0.0
興行通信社,7,8,1.1428571428571428,0.0,0.0,0.0,0.0
舌肥 shitakoe,7,9,1.2857142857142858,1.0,0.0,11485.0,1.0
舟ラブ,15,-4,-0.26666666666666666,0.0,0.0,0.0,0.0
船場経済新聞,1,0,0.0,0.0,0.0,0.0,0.0
茨城新聞クロスアイ,2,3,1.5,0.0,0.0,0.0,0.0
葛飾経済新聞,1,0,0.0,0.0,0.0,0.0,0.0
衛星劇場,3,1,0.3333333333333333,1.0,1.0,3042.0,1.0
装苑ONLINE,60,82,1.3666666666666667,1.0,1.0,3151.0,1.0
西スポWEB OTTO!,27,-8,-0.2962962962962963,4.0,-1.0,14081.0,4.0
西スポレースサイト,2,1,0.5,0.0,0.0,0.0,0.0
西宮つーしん,6,9,1.5,0.0,0.0,0.0,0.0
西宮流,2,3,1.5,0.0,0.0,0.0,0.0
西宮経済新聞,1,-1,-1.0,0.0,0.0,0.0,0.0
西日本新聞me,67,52,0.7761194029850746,4.0,-3.0,22181.0,4.0
観光経済新聞,11,7,0.6363636363636364,1.0,1.0,7861.0,1.0
読売テレビ,16,14,0.875,3.0,4.0,12953.0,3.0
読売新聞オンライン,227,232,1.0220264317180616,68.0,53.0,1816911.0,42.0
調布経済新聞,2,3,1.5,0.0,0.0,0.0,0.0
論座アーカイブ,14,6,0.42857142857142855,1.0,0.0,4262.0,1.0
豊田経済新聞,1,2,2.0,0.0,0.0,0.0,0.0
財界オンライン,1,0,0.0,0.0,0.0,0.0,0.0
財経新聞,2,2,1.0,1.0,1.0,9700.0,1.0
赤穂民報,2,0,0.0,0.0,0.0,0.0,0.0
赤羽マガジン,10,8,0.8,1.0,0.0,8674.0,1.0
超ワールドサッカー！,18,25,1.3888888888888888,4.0,9.0,26342.0,4.0
超！アニメディア,33,21,0.6363636363636364,2.0,4.0,9729.0,2.0
通販通信ECMO,1,2,2.0,0.0,0.0,0.0,0.0
週刊BCN＋,2,2,1.0,0.0,0.0,0.0,0.0
週刊エコノミスト Online,6,0,0.0,2.0,4.0,7906.0,2.0
週刊ファイト,4,0,0.0,0.0,0.0,0.0,0.0
週刊女性PRIME,1080,-650,-0.6018518518518519,145.0,-55.0,1518095.0,91.0
週刊粧業オンライン,1,2,2.0,0.0,0.0,0.0,0.0
週刊金曜日,1,-1,-1.0,0.0,0.0,0.0,0.0
遊技日本,2,3,1.5,0.0,0.0,0.0,0.0
道新スポーツ,6,6,1.0,0.0,0.0,0.0,0.0
選挙ドットコム,72,-28,-0.3888888888888889,0.0,0.0,0.0,0.0
野球の記録で話したい,1,1,1.0,0.0,0.0,0.0,0.0
野球育成解決サイト,2,2,1.0,0.0,0.0,0.0,0.0
金曜ロードシネマクラブ,14,9,0.6428571428571429,5.0,7.0,29630.0,3.0
金沢経済新聞,2,3,1.5,0.0,0.0,0.0,0.0
鈴鹿ポイントゲッターズ,6,11,1.8333333333333333,0.0,0.0,0.0,0.0
鉄道チャンネル,13,8,0.6153846153846154,1.0,0.0,1570.0,1.0
長崎新聞ホームページ,11,8,0.7272727272727273,0.0,0.0,0.0,0.0
長浜経済新聞,1,0,0.0,0.0,0.0,0.0,0.0
関東学院大学,1,1,1.0,1.0,1.0,2984.0,1.0
阪神タイガース 公式サイト,1,1,1.0,0.0,0.0,0.0,0.0
障害者ドットコム,1,2,2.0,0.0,0.0,0.0,0.0
集英社オンライン,6,2,0.3333333333333333,0.0,0.0,0.0,0.0
集英社新書プラス,9,-1,-0.1111111111111111,1.0,2.0,1955.0,1.0
電ファミニコゲーマー,13,16,1.2307692307692308,0.0,0.0,0.0,0.0
電撃オンライン,79,89,1.1265822784810127,12.0,15.0,89317.0,11.0
電撃ホビーウェブ,21,23,1.0952380952380953,1.0,1.0,5924.0,1.0
電波新聞デジタル,8,11,1.375,0.0,0.0,0.0,0.0
静岡ライフ,3,1,0.3333333333333333,0.0,0.0,0.0,0.0
静岡新聞DIGITAL Web,12,12,1.0,4.0,6.0,88983.0,2.0
韓スタ！,7,3,0.42857142857142855,1.0,2.0,13259.0,1.0
韓ドラ時代劇.com,1,2,2.0,0.0,0.0,0.0,0.0
音楽業界総合情報サイト,127,202,1.5905511811023623,13.0,26.0,370867.0,11.0
食品新聞 WEB版,36,34,0.9444444444444444,1.0,-1.0,1962.0,1.0
食品産業新聞社ニュースWEB,25,27,1.08,1.0,1.0,3712.0,1.0
飲食店ドットコム,1,3,3.0,0.0,0.0,0.0,0.0
館林くらし,1,1,1.0,0.0,0.0,0.0,0.0
首相官邸ホームページ,1,0,0.0,0.0,0.0,0.0,0.0
高崎前橋経済新聞,3,4,1.3333333333333333,0.0,0.0,0.0,0.0
高校サッカードットコム,1,-5,-5.0,1.0,-5.0,4637.0,1.0
高校生新聞オンライン,4,7,1.75,0.0,0.0,0.0,0.0
高田馬場経済新聞,2,-1,-0.5,0.0,0.0,0.0,0.0
高知さんさんテレビ,2,2,1.0,1.0,1.0,1784.0,1.0
鳥取マガジン,12,23,1.9166666666666667,1.0,3.0,45250.0,1.0
鹿児島経済新聞,1,1,1.0,0.0,0.0,0.0,0.0
麻雀ウォッチ,3,3,1.0,0.0,0.0,0.0,0.0
제민일보,1,-1,-1.0,0.0,0.0,0.0,0.0
＝LOVE Official Fan Club,1,0,0.0,0.0,0.0,0.0,0.0
ＪＲ東海,1,1,1.0,0.0,0.0,0.0,0.0
ＫＴＳ鹿児島テレビ,1,1,1.0,0.0,0.0,0.0,0.0
ＳＴＶ札幌テレビ 放送,7,-4,-0.5714285714285714,1.0,0.0,4010.0,1.0
